Num,AmesNum,UGA-SAM1 # (last three digits = PPN),source PI or INRA #,source line name,origin,type,VCF_line_name,Class1,Class2
1,31694,UGA-SAM1-001,PI 664210,HA 851,NPGS,HA-Oil,PPN001,HA-Oil,HA-Oil
2,31695,UGA-SAM1-002,PI 664212,HA 853,NPGS,HA-Oil,PPN002,HA-Oil,HA-Oil
3,31696,UGA-SAM1-003,PI 664232,HA 323,NPGS,HA-NonOil,PPN003,HA-NonOil,HA-NonOil
4,31697,UGA-SAM1-004,PI 509061,HA 351,NPGS,HA-NonOil,PPN004,HA-NonOil,HA-NonOil
5,31698,UGA-SAM1-005,PI 509062,HA 352,NPGS,HA-NonOil,PPN005,HA-NonOil,HA-NonOil
6,31699,UGA-SAM1-006,PI 552932,HA 286,NPGS,HA-NonOil,PPN006,HA-NonOil,HA-NonOil
7,31700,UGA-SAM1-007,PI 552940,HA 302,NPGS,HA-Oil,PPN007,HA-Oil,HA-Oil
8,31701,UGA-SAM1-008,PI 552943,RHA 280,NPGS,RHA-NonOil,PPN008,RHA-NonOil,RHA-NonOil
9,31702,UGA-SAM1-009,PI 560144,RHA 376,NPGS,RHA-Oil,PPN009,RHA-Oil,RHA-Oil
10,31703,UGA-SAM1-010,PI 560145,RHA 377,NPGS,RHA-Oil,PPN010,RHA-Oil,RHA-Oil
11,31704,UGA-SAM1-011,PI 561920,HA 380,NPGS,HA-NonOil,PPN011,HA-NonOil,HA-NonOil
12,31705,UGA-SAM1-012,PI 561921,RHA 381,NPGS,RHA-Oil,PPN012,RHA-Oil,RHA-Oil
13,31706,UGA-SAM1-013,PI 578008,RHA 386,NPGS,RHA-Oil,PPN013,RHA-Oil,RHA-Oil
14,31707,UGA-SAM1-014,PI 578009,RHA 387,NPGS,RHA-Oil,PPN014,RHA-Oil,RHA-Oil
15,31708,UGA-SAM1-015,PI 578010,RHA 388,NPGS,RHA-Oil,PPN015,RHA-Oil,RHA-Oil
16,31709,UGA-SAM1-016,PI 578011,RHA 389,NPGS,RHA-Oil,PPN016,RHA-Oil,RHA-Oil
17,31710,UGA-SAM1-017,PI 578872,HA 383,NPGS,HA-Oil,PPN017,HA-Oil,HA-Oil
18,31711,UGA-SAM1-018,PI 578873,HA 384,NPGS,HA-Oil,PPN018,HA-Oil,HA-Oil
19,31712,UGA-SAM1-019,PI 597367,HA 403,NPGS,HA-Oil,PPN019,HA-Oil,HA-Oil
20,31713,UGA-SAM1-020,PI 597368,HA 404,NPGS,HA-Oil,PPN020,HA-Oil,HA-Oil
21,31714,UGA-SAM1-021,PI 597369,HA 405,NPGS,HA-Oil,PPN021,HA-Oil,HA-Oil
22,31715,UGA-SAM1-022,PI 597373,RHA 396,NPGS,RHA-Oil,PPN022,RHA-Oil,RHA-Oil
23,31716,UGA-SAM1-023,PI 597374,RHA 397,NPGS,RHA-Oil,PPN023,RHA-Oil,RHA-Oil
24,31717,UGA-SAM1-024,PI 599758,RHA 273,NPGS,RHA-Oil,PPN024,RHA-Oil,RHA-Oil
25,31718,UGA-SAM1-025,PI 599766,RHA 298,NPGS,RHA-Oil,PPN025,RHA-Oil,RHA-Oil
26,31719,UGA-SAM1-026,PI 599775,HA 124,NPGS,HA-Oil,PPN026,HA-Oil,HA-Oil
27,31720,UGA-SAM1-027,PI 599783,HA 314,NPGS,HA-NonOil,PPN027,HA-NonOil,HA-NonOil
28,31721,UGA-SAM1-028,PI 599976,HA 306,NPGS,HA-NonOil,PPN028,HA-NonOil,HA-NonOil
29,31722,UGA-SAM1-029,PI 599983,HA 313,NPGS,HA-NonOil,PPN029,HA-NonOil,HA-NonOil
30,31723,UGA-SAM1-030,PI 607920,R-185,NPGS,RHA-Oil,PPN030,RHA-Oil,RHA-Oil
31,31724,UGA-SAM1-031,PI 607921,R-188,NPGS,RHA-Oil,PPN031,RHA-Oil,RHA-Oil
32,31725,UGA-SAM1-032,PI 607923,R-201,NPGS,RHA-Oil,PPN032,RHA-Oil,RHA-Oil
33,31726,UGA-SAM1-033,PI 633746,RHA 436,NPGS,RHA-Oil,PPN033,RHA-Oil,RHA-Oil
34,31727,UGA-SAM1-034,PI 633747,RHA 437,NPGS,RHA-Oil,PPN034,RHA-Oil,RHA-Oil
35,31728,UGA-SAM1-035,PI 650575,HA 112,NPGS,HA-NonOil,PPN035,HA-NonOil,HA-NonOil
36,31729,UGA-SAM1-036,PI 650579,HA 116,NPGS,HA-NonOil,PPN036,HA-NonOil,HA-NonOil
37,31730,UGA-SAM1-037,PI 650582,HA 133,NPGS,HA-NonOil,PPN037,HA-NonOil,HA-NonOil
38,31731,UGA-SAM1-038,PI 650612,HA 113,NPGS,HA-Oil,PPN038,HA-Oil,HA-Oil
39,31732,UGA-SAM1-039,PI 509060,HA 350,NPGS,HA-NonOil,PPN039,HA-NonOil,HA-NonOil
40,31733,UGA-SAM1-040,PI 534656,HA 370,NPGS,HA-Oil,PPN040,HA-Oil,HA-Oil
41,31734,UGA-SAM1-041,PI 543746,RGIG1,NPGS,RHA-NonOil,PPN041,RHA-NonOil,RHA-NonOil
42,31735,UGA-SAM1-042,PI 599768,RHA 801,NPGS,RHA-Oil,PPN042,RHA-Oil,RHA-Oil
43,31736,UGA-SAM1-043,PI 650754,HA-R3,NPGS,HA-Oil,PPN043,HA-Oil,HA-Oil
44,31737,UGA-SAM1-044,PI 650467,VK-47,NPGS,NonOil   ,PPN044,OPV,landrace_OPV_other
45,31738,UGA-SAM1-045,PI 664233,ND-BLPL2,NPGS,NonOil   ,PPN045,Other-NonOil,landrace_OPV_other
46,31739,UGA-SAM1-046,PI 600717,Mandan #1,NPGS,landrace,PPN046,landrace,landrace_OPV_other
47,31740,UGA-SAM1-047,PI 642771,HA 452,NPGS,HA-Oil,PPN047,HA-Oil,HA-Oil
48,31741,UGA-SAM1-048,PI 650817,Klein Casares,NPGS,NonOil   ,PPN048,OPV,landrace_OPV_other
49,31742,UGA-SAM1-049,PI 642774,RHA 455,NPGS,RHA-Oil,PPN049,RHA-Oil,RHA-Oil
50,31743,UGA-SAM1-050,PI 642775,HA 456,NPGS,HA-Oil,PPN050,HA-Oil,HA-Oil
51,31744,UGA-SAM1-051,PI 340790,USSR VNIIMK 8931 '66,NPGS,NonOil   ,PPN051,Other-Oil,landrace_OPV_other
52,31745,UGA-SAM1-052,PI 642776,HA 457,NPGS,HA-NonOil,PPN052,HA-NonOil,HA-NonOil
53,31746,UGA-SAM1-053,PI 642777,HA 412 HO,NPGS,HA-Oil,GENOME,HA-Oil,HA-Oil
54,31747,UGA-SAM1-054,PI 655014,RHA 463,NPGS,RHA-NonOil,PPN054,RHA-NonOil,RHA-NonOil
55,31748,UGA-SAM1-055,PI 655015,RHA 464,NPGS,RHA-NonOil,PPN055,RHA-NonOil,RHA-NonOil
56,31749,UGA-SAM1-056,PI 664200,RHA 324,NPGS,RHA-NonOil,PPN056,RHA-NonOil,RHA-NonOil
57,31750,UGA-SAM1-057,PI 664216,RHA 855,NPGS,RHA-Oil,PPN057,RHA-Oil,RHA-Oil
58,31751,UGA-SAM1-058,PI 664222,ND-ERLYS,NPGS,Oil,PPN058,Other-Oil,landrace_OPV_other
59,31752,UGA-SAM1-059,PI 509059,HA 349,NPGS,HA-NonOil,PPN059,HA-NonOil,HA-NonOil
60,31753,UGA-SAM1-060,PI 531072,RHA 359,NPGS,RHA-Oil,PPN060,RHA-Oil,RHA-Oil
61,31754,UGA-SAM1-061,PI 534650,RHA 364,NPGS,RHA-Oil,PPN061,RHA-Oil,RHA-Oil
62,31755,UGA-SAM1-062,PI 534657,HA 371,NPGS,HA-Oil,PPN062,HA-Oil,HA-Oil
63,31756,UGA-SAM1-063,PI 549001,HA GERMPLASM POOL III-G,NPGS,Oil introgressed,PPN063,Oil introgressed,landrace_OPV_other
64,31757,UGA-SAM1-064,PI 549011,HA GERMPLASM POOL III-Q,NPGS,Oil introgressed,PPN064,Oil introgressed,landrace_OPV_other
65,31758,UGA-SAM1-065,PI 552931,RHA 296,NPGS,RHA-Oil,PPN065,RHA-Oil,RHA-Oil
66,31759,UGA-SAM1-066,PI 552948,DM-3,NPGS,Oil,PPN066,Other-Oil,landrace_OPV_other
67,31760,UGA-SAM1-067,PI 561918,HA 378,NPGS,HA-Oil,PPN067,HA-Oil,HA-Oil
68,31761,UGA-SAM1-068,PI 599753,HA 154,NPGS,HA-NonOil,PPN068,HA-NonOil,HA-NonOil
69,31762,UGA-SAM1-069,PI 639165,HA 442,NPGS,HA-Oil,PPN069,HA-Oil,HA-Oil
70,31763,UGA-SAM1-070,PI 599780,HA 285,NPGS,HA-NonOil,PPN070,HA-NonOil,HA-NonOil
71,31764,UGA-SAM1-071,PI 599781,HA 289,NPGS,HA-Oil,PPN071,HA-Oil,HA-Oil
72,31765,UGA-SAM1-072,PI 599980,RHA 309,NPGS,RHA-NonOil,PPN072,RHA-NonOil,RHA-NonOil
73,31766,UGA-SAM1-073,PI 601368,PHA009,NPGS,NonOil   ,PPN073,Other-NonOil,landrace_OPV_other
74,31767,UGA-SAM1-074,PI 650588,HA 228,NPGS,HA-NonOil,PPN074,HA-NonOil,HA-NonOil
75,31768,UGA-SAM1-075,PI 664168,HA GERMPLASM POOL I,NPGS,NonOil introgressed,PPN075,NonOil introgressed,landrace_OPV_other
76,31769,UGA-SAM1-076,PI 599982,HA 312,NPGS,HA-NonOil,PPN076,HA-NonOil,HA-NonOil
77,31770,UGA-SAM1-077,PI 664209,HA 850,NPGS,HA-Oil,PPN077,HA-Oil,HA-Oil
78,31771,UGA-SAM1-078,PI 664231,HA 322,NPGS,HA-NonOil,PPN078,HA-NonOil,HA-NonOil
79,31772,UGA-SAM1-079,PI 548996,HA GERMPLASM POOL III-B,NPGS,Oil introgressed,PPN079,Oil introgressed,landrace_OPV_other
80,31773,UGA-SAM1-080,PI 552933,HA 287,NPGS,HA-NonOil,PPN080,HA-NonOil,HA-NonOil
81,31774,UGA-SAM1-081,PI 560143,RHA 375,NPGS,RHA-Oil,PPN081,RHA-Oil,RHA-Oil
82,31775,UGA-SAM1-082,PI 664193,ND-NONOIL B2,NPGS,NonOil   ,PPN082,Other-NonOil,landrace_OPV_other
83,31776,UGA-SAM1-083,PI 432504,Hopi dye,NPGS,landrace,PPN083,landrace,landrace_OPV_other
84,31777,UGA-SAM1-084,PI 664169,HA GERMPLASM POOL II,NPGS,NonOil introgressed,PPN084,NonOil introgressed,landrace_OPV_other
85,31778,UGA-SAM1-086,PI 664175,HA GERMPLASM POOL V-1I,NPGS,NonOil introgressed,PPN086,NonOil introgressed,landrace_OPV_other
86,31779,UGA-SAM1-087,PI 664177,HA GERMPLASM POOL V-1K,NPGS,NonOil introgressed,PPN087,NonOil introgressed,landrace_OPV_other
87,31780,UGA-SAM1-088,PI 664179,HA GPP V-2,NPGS,NonOil introgressed,PPN088,NonOil introgressed,landrace_OPV_other
88,31781,UGA-SAM1-089,PI 664190,ND-NONOIL 2,NPGS,NonOil   ,PPN089,Other-NonOil,landrace_OPV_other
89,31782,UGA-SAM1-090,PI 655009,HA 458,NPGS,HA-NonOil,PPN090,HA-NonOil,HA-NonOil
90,31783,UGA-SAM1-091,PI 664191,ND-NONOIL 3,NPGS,NonOil   ,PPN091,Other-NonOil,landrace_OPV_other
91,31784,UGA-SAM1-092,PI 664194,ND-NONOIL B3,NPGS,NonOil   ,PPN092,Other-NonOil,landrace_OPV_other
92,31785,UGA-SAM1-093,PI 386230,VIR 847,NPGS,NonOil   ,PPN093,OPV,landrace_OPV_other
93,31786,UGA-SAM1-094,PI 476853,Mammoth,NPGS,NonOil   ,PPN094,OPV,landrace_OPV_other
94,31787,UGA-SAM1-095,PI 664196,ND-NONOIL B5,NPGS,NonOil   ,PPN095,Other-NonOil,landrace_OPV_other
95,31788,UGA-SAM1-096,PI 655013,RHA 462,NPGS,RHA-Oil,PPN096,RHA-Oil,RHA-Oil
96,31789,UGA-SAM1-097,PI 664199,ND-NONOIL M3,NPGS,NonOil   ,PPN097,Other-NonOil,landrace_OPV_other
97,31790,UGA-SAM1-098,PI 664201,RHA 326,NPGS,RHA-NonOil,PPN098,RHA-NonOil,RHA-NonOil
98,31791,UGA-SAM1-099,PI 664203,RHA 329,NPGS,RHA-NonOil,PPN099,RHA-NonOil,RHA-NonOil
99,31792,UGA-SAM1-100,PI 664204,RHA 330,NPGS,RHA-NonOil,PPN100,RHA-NonOil,RHA-NonOil
100,31793,UGA-SAM1-101,PI 664205,RHA 331,NPGS,RHA-NonOil,PPN101,RHA-NonOil,RHA-NonOil
101,31794,UGA-SAM1-102,PI 664206,RHA 332,NPGS,RHA-NonOil,PPN102,RHA-NonOil,RHA-NonOil
102,31795,UGA-SAM1-103,PI 664207,RHA 333,NPGS,RHA-NonOil,PPN103,RHA-NonOil,RHA-NonOil
103,31796,UGA-SAM1-104,PI 664211,HA 852,NPGS,HA-Oil,PPN104,HA-Oil,HA-Oil
104,31797,UGA-SAM1-105,PI 664213,ND-BLOS,NPGS,Oil,PPN105,Other-Oil,landrace_OPV_other
105,31798,UGA-SAM1-106,PI 664215,RHA 854,NPGS,RHA-Oil,PPN106,RHA-Oil,RHA-Oil
106,31799,UGA-SAM1-107,PI 664218,RHA 857,NPGS,RHA-Oil,PPN107,RHA-Oil,RHA-Oil
107,31800,UGA-SAM1-108,PI 664219,RHA 858,NPGS,RHA-Oil,PPN108,RHA-Oil,RHA-Oil
108,31801,UGA-SAM1-109,PI 664221,ND-EBLYS,NPGS,Oil,PPN109,Other-Oil,landrace_OPV_other
109,31802,UGA-SAM1-110,PI 664227,HA 318,NPGS,HA-NonOil,PPN110,HA-NonOil,HA-NonOil
110,31803,UGA-SAM1-111,PI 664228,HA 319,NPGS,HA-NonOil,PPN111,HA-NonOil,HA-NonOil
111,31804,UGA-SAM1-112,PI 664229,HA 320,NPGS,HA-NonOil,PPN112,HA-NonOil,HA-NonOil
112,31805,UGA-SAM1-113,PI 664230,HA 321,NPGS,HA-NonOil,PPN113,HA-NonOil,HA-NonOil
113,31806,UGA-SAM1-114,PI 664234,RHA 325,NPGS,RHA-NonOil,PPN114,RHA-NonOil,RHA-NonOil
114,31807,UGA-SAM1-115,PI 509057,RHA 347,NPGS,RHA-Oil,PPN115,RHA-Oil,RHA-Oil
115,31808,UGA-SAM1-116,PI 509063,HA 353,NPGS,HA-NonOil,PPN116,HA-NonOil,HA-NonOil
116,31809,UGA-SAM1-117,PI 509064,RHA 354,NPGS,RHA-NonOil,PPN117,RHA-NonOil,RHA-NonOil
117,31810,UGA-SAM1-118,PI 531074,RHA 361,NPGS,RHA-Oil,PPN118,RHA-Oil,RHA-Oil
118,31811,UGA-SAM1-119,PI 531075,RHA 362,NPGS,RHA-NonOil,PPN119,RHA-NonOil,RHA-NonOil
119,31812,UGA-SAM1-120,PI 534649,RHA 363,NPGS,RHA-Oil,PPN120,RHA-Oil,RHA-Oil
120,31813,UGA-SAM1-121,PI 534653,RHA 367,NPGS,RHA-Oil,PPN121,RHA-Oil,RHA-Oil
121,31814,UGA-SAM1-122,PI 543745,RPET2,NPGS,RHA-NonOil,PPN122,RHA-NonOil,RHA-NonOil
122,31815,UGA-SAM1-123,PI 548997,HA GERMPLASM POOL III-C,NPGS,Oil introgressed,PPN123,Oil introgressed,landrace_OPV_other
123,31816,UGA-SAM1-124,PI 548998,HA GERMPLASM POOL III-D,NPGS,Oil introgressed,PPN124,Oil introgressed,landrace_OPV_other
124,31817,UGA-SAM1-125,PI 549003,HA GERMPLASM POOL III-I,NPGS,Oil introgressed,PPN125,Oil introgressed,landrace_OPV_other
125,31818,UGA-SAM1-126,PI 549006,HA GERMPLASM POOL III-L,NPGS,Oil introgressed,PPN126,Oil introgressed,landrace_OPV_other
126,31819,UGA-SAM1-127,PI 549009,HA GERMPLASM POOL III-O,NPGS,Oil introgressed,PPN127,Oil introgressed,landrace_OPV_other
127,31820,UGA-SAM1-128,PI 549015,HA GERMPLASM POOL III-U,NPGS,Oil introgressed,PPN128,Oil introgressed,landrace_OPV_other
128,31821,UGA-SAM1-129,PI 552934,HA 288,NPGS,HA-NonOil,PPN129,HA-NonOil,HA-NonOil
129,31822,UGA-SAM1-130,PI 552935,HA 290,NPGS,HA-Oil,PPN130,HA-Oil,HA-Oil
130,31823,UGA-SAM1-131,PI 552936,HA 291,NPGS,HA-Oil,PPN131,HA-Oil,HA-Oil
131,31824,UGA-SAM1-132,PI 552937,HA 292,NPGS,HA-NonOil,PPN132,HA-NonOil,HA-NonOil
132,31825,UGA-SAM1-133,PI 552938,HA 300,NPGS,HA-Oil,PPN133,HA-Oil,HA-Oil
133,31826,UGA-SAM1-134,PI 552942,HA 305,NPGS,HA-NonOil,PPN134,HA-NonOil,HA-NonOil
134,31827,UGA-SAM1-135,PI 552947,DM-2,NPGS,Oil,PPN135,Other-Oil,landrace_OPV_other
135,31828,UGA-SAM1-136,PI 560141,RHA 373,NPGS,RHA-Oil,NMS373_PPN136,RHA-Oil,RHA-Oil
136,31829,UGA-SAM1-137,PI 560142,RHA 374,NPGS,RHA-Oil,PPN137,RHA-Oil,RHA-Oil
137,31830,UGA-SAM1-138,PI 578874,HA 385,NPGS,HA-Oil,PPN138,HA-Oil,HA-Oil
138,31831,UGA-SAM1-139,PI 597364,HA 393,NPGS,HA-Oil,PPN139,HA-Oil,HA-Oil
139,31832,UGA-SAM1-140,PI 597365,HA 394,NPGS,HA-Oil,PPN140,HA-Oil,HA-Oil
140,31833,UGA-SAM1-141,PI 597370,HA 406,NPGS,HA-Oil,PPN141,HA-Oil,HA-Oil
141,31834,UGA-SAM1-142,PI 597375,RHA 398,NPGS,RHA-Oil,PPN142,RHA-Oil,RHA-Oil
142,31835,UGA-SAM1-143,PI 599757,RHA 270,NPGS,RHA-Oil,PPN143,RHA-Oil,RHA-Oil
143,31836,UGA-SAM1-144,PI 599770,HA 60,NPGS,HA-Oil,PPN144,HA-Oil,HA-Oil
144,31837,UGA-SAM1-145,PI 599779,HA 277,NPGS,HA-Oil,PPN145,HA-Oil,HA-Oil
145,31838,UGA-SAM1-146,PI 599788,RHA 293,NPGS,RHA-NonOil,PPN146,RHA-NonOil,RHA-NonOil
146,31839,UGA-SAM1-147,PI 599978,HA 308,NPGS,HA-NonOil,PPN147,HA-NonOil,HA-NonOil
147,31840,UGA-SAM1-148,PI 603987,RHA 391,NPGS,RHA-Oil,PPN148,RHA-Oil,RHA-Oil
148,31841,UGA-SAM1-149,PI 607510,HA-R7,NPGS,HA-NonOil,PPN149,HA-NonOil,HA-NonOil
149,31842,UGA-SAM1-150,PI 607927,IMISUN-1,NPGS,Oil,PPN150,Other-Oil,landrace_OPV_other
150,31843,UGA-SAM1-151,PI 617098,HA 425,NPGS,HA-Oil,PPN151,HA-Oil,HA-Oil
151,31844,UGA-SAM1-152,PI 632338,HA 429,NPGS,HA-Oil,PPN152,HA-Oil,HA-Oil
152,31845,UGA-SAM1-153,PI 632342,HA 433,NPGS,HA-Oil,PPN153,HA-Oil,HA-Oil
153,31846,UGA-SAM1-154,PI 633748,RHA 438,NPGS,RHA-Oil,PPN154,RHA-Oil,RHA-Oil
154,31847,UGA-SAM1-155,PI 639169,HA 446,NPGS,HA-Oil,PPN155,HA-Oil,HA-Oil
155,31848,UGA-SAM1-156,PI 650570,HA 65,NPGS,HA-NonOil,PPN156,HA-NonOil,HA-NonOil
156,31849,UGA-SAM1-157,PI 650592,HA 236,NPGS,HA-NonOil,PPN157,HA-NonOil,HA-NonOil
157,31850,UGA-SAM1-158,PI 650599,HA 249,NPGS,HA-NonOil,PPN158,HA-NonOil,HA-NonOil
158,31851,UGA-SAM1-159,PI 650763,HA-R5,NPGS,HA-Oil,PPN159,HA-Oil,HA-Oil
159,31852,UGA-SAM1-160,PI 597371,HA 407,NPGS,HA-Oil,PPN160,HA-Oil,HA-Oil
160,31853,UGA-SAM1-161,PI 597372,RHA 395,NPGS,RHA-Oil,PPN161,RHA-Oil,RHA-Oil
161,31854,UGA-SAM1-162,PI 597376,RHA 399,NPGS,RHA-Oil,PPN162,RHA-Oil,RHA-Oil
162,31855,UGA-SAM1-163,PI 597377,RHA 400,NPGS,RHA-Oil,PPN163,RHA-Oil,RHA-Oil
163,31856,UGA-SAM1-164,PI 597378,RHA 401,NPGS,RHA-Oil,PPN164,RHA-Oil,RHA-Oil
164,31857,UGA-SAM1-165,PI 599759,RHA 274,NPGS,RHA-Oil,PPN165,RHA-Oil,RHA-Oil
165,31858,UGA-SAM1-166,PI 599763,RHA 279,NPGS,RHA-Oil,PPN166,RHA-Oil,RHA-Oil
166,31859,UGA-SAM1-167,PI 599764,RHA 294,NPGS,RHA-NonOil,PPN167,RHA-NonOil,RHA-NonOil
167,31860,UGA-SAM1-168,PI 599765,RHA 297,NPGS,RHA-Oil,PPN168,RHA-Oil,RHA-Oil
168,31861,UGA-SAM1-169,PI 599767,RHA 299,NPGS,RHA-Oil,PPN169,RHA-Oil,RHA-Oil
169,31862,UGA-SAM1-170,PI 599769,HA 8,NPGS,HA-NonOil,PPN170,HA-NonOil,HA-NonOil
170,31863,UGA-SAM1-171,PI 599771,HA 61,NPGS,HA-Oil,PPN171,HA-Oil,HA-Oil
171,31864,UGA-SAM1-172,PI 599772,HA 64,NPGS,HA-Oil,PPN172,HA-Oil,HA-Oil
172,31865,UGA-SAM1-173,PI 599773,HA 89,NPGS,HA-Oil,PPN173,HA-Oil,HA-Oil
173,31866,UGA-SAM1-174,PI 599774,HA 99,NPGS,HA-Oil,PPN174,HA-Oil,HA-Oil
174,31867,UGA-SAM1-175,PI 599776,HA 224,NPGS,HA-Oil,PPN175,HA-Oil,HA-Oil
175,31868,UGA-SAM1-176,PI 599778,HA 234,NPGS,HA-Oil,PPN176,HA-Oil,HA-Oil
176,31869,UGA-SAM1-177,PI 599782,HA 304,NPGS,HA-NonOil,PPN177,HA-NonOil,HA-NonOil
177,31870,UGA-SAM1-178,PI 599785,HA 822,NPGS,HA-Oil,PPN178,HA-Oil,HA-Oil
178,31871,UGA-SAM1-179,PI 599786,RHA 271,NPGS,RHA-Oil,PPN179,RHA-Oil,RHA-Oil
179,31872,UGA-SAM1-180,PI 599787,RHA 272,NPGS,RHA-Oil,PPN180,RHA-Oil,RHA-Oil
180,31873,UGA-SAM1-181,PI 599789,RHA 311,NPGS,RHA-NonOil,PPN181,RHA-NonOil,RHA-NonOil
181,31874,UGA-SAM1-182,PI 599977,HA 307,NPGS,HA-NonOil,PPN182,HA-NonOil,HA-NonOil
182,31875,UGA-SAM1-183,PI 599979,HA 207,NPGS,HA-NonOil,PPN183,HA-NonOil,HA-NonOil
183,31876,UGA-SAM1-184,PI 599981,RHA 310,NPGS,RHA-NonOil,PPN184,RHA-NonOil,RHA-NonOil
184,31877,UGA-SAM1-185,PI 599984,HA 821,NPGS,HA-Oil,PPN185,HA-Oil,HA-Oil
185,31878,UGA-SAM1-186,PI 600000,RHA 417,NPGS,RHA-Oil,PPN186,RHA-Oil,RHA-Oil
186,31879,UGA-SAM1-187,PI 600723,BRS-1,NPGS,Oil,PPN187,Other-Oil,landrace_OPV_other
187,31880,UGA-SAM1-188,PI 600725,BRS-3,NPGS,Oil,PPN188,Other-Oil,landrace_OPV_other
188,31881,UGA-SAM1-189,PI 603986,HA 390,NPGS,HA-Oil,PPN189,HA-Oil,HA-Oil
189,31882,UGA-SAM1-190,PI 603988,RHA 392,NPGS,RHA-Oil,PPN190,RHA-Oil,RHA-Oil
190,31883,UGA-SAM1-191,PI 603989,RHA 408,NPGS,RHA-Oil,PPN191,RHA-Oil,RHA-Oil
191,31884,UGA-SAM1-192,PI 603990,RHA 409,NPGS,RHA-Oil,PPN192,RHA-Oil,RHA-Oil
192,31885,UGA-SAM1-193,PI 603991,HA 410,NPGS,HA-Oil,PPN193,HA-Oil,HA-Oil
193,31886,UGA-SAM1-194,PI 607504,HA 413,NPGS,HA-Oil,PPN194,HA-Oil,HA-Oil
194,31887,UGA-SAM1-195,PI 607508,RHA 418,NPGS,RHA-Oil,PPN195,RHA-Oil,RHA-Oil
195,31888,UGA-SAM1-196,PI 607509,HA-R6,NPGS,HA-NonOil,PPN196,HA-NonOil,HA-NonOil
196,31889,UGA-SAM1-197,PI 607511,HA-R8,NPGS,HA-Oil,PPN197,HA-Oil,HA-Oil
197,31890,UGA-SAM1-198,PI 607922,R-190,NPGS,RHA-Oil,PPN198,RHA-Oil,RHA-Oil
198,31891,UGA-SAM1-199,PI 607925,R-206,NPGS,RHA-Oil,PPN199,RHA-Oil,RHA-Oil
199,31892,UGA-SAM1-200,PI 607928,IMISUN-2,NPGS,Oil,PPN200,Other-Oil,landrace_OPV_other
200,31893,UGA-SAM1-201,PI 607929,IMISUN-3,NPGS,NonOil   ,PPN201,Other-NonOil,landrace_OPV_other
201,31894,UGA-SAM1-202,PI 607930,IMISUN-4,NPGS,NonOil   ,PPN202,Other-NonOil,landrace_OPV_other
202,31895,UGA-SAM1-203,PI 617099,RHA 426,NPGS,RHA-Oil,PPN203,RHA-Oil,RHA-Oil
203,31896,UGA-SAM1-204,PI 617100,RHA 427,NPGS,RHA-Oil,PPN204,RHA-Oil,RHA-Oil
204,31897,UGA-SAM1-205,PI 618725,HA 421,NPGS,HA-Oil,PPN205,HA-Oil,HA-Oil
205,31898,UGA-SAM1-206,PI 618726,HA 422,NPGS,HA-Oil,PPN206,HA-Oil,HA-Oil
206,31899,UGA-SAM1-207,PI 619204,RHA 419,NPGS,RHA-Oil,PPN207,RHA-Oil,RHA-Oil
207,31900,UGA-SAM1-208,PI 619206,RHA 428,NPGS,RHA-Oil,PPN208,RHA-Oil,RHA-Oil
208,31901,UGA-SAM1-209,PI 632339,HA 430,NPGS,HA-Oil,PPN209,HA-Oil,HA-Oil
209,31902,UGA-SAM1-210,PI 632340,HA 431,NPGS,HA-Oil,PPN210,HA-Oil,HA-Oil
210,31903,UGA-SAM1-211,PI 632341,HA 432,NPGS,HA-Oil,PPN211,HA-Oil,HA-Oil
211,31904,UGA-SAM1-212,PI 633744,HA 434,NPGS,HA-Oil,PPN212,HA-Oil,HA-Oil
212,31905,UGA-SAM1-213,PI 633745,HA 435,NPGS,HA-Oil,PPN213,HA-Oil,HA-Oil
213,31906,UGA-SAM1-214,PI 639162,RHA 439,NPGS,RHA-Oil,PPN214,RHA-Oil,RHA-Oil
214,31907,UGA-SAM1-215,PI 639163,RHA 440,NPGS,RHA-Oil,PPN215,RHA-Oil,RHA-Oil
215,31908,UGA-SAM1-216,PI 639164,HA 441,NPGS,HA-Oil,PPN216,HA-Oil,HA-Oil
216,31909,UGA-SAM1-217,PI 639166,RHA 443,NPGS,RHA-Oil,PPN217,RHA-Oil,RHA-Oil
217,31910,UGA-SAM1-218,PI 649793,1972 R-Line Composite,NPGS,RHA-NonOil,PPN218,RHA-NonOil,RHA-NonOil
218,31911,UGA-SAM1-219,PI 650358,HA 1,NPGS,HA-NonOil,PPN219,HA-NonOil,HA-NonOil
219,31912,UGA-SAM1-220,PI 650361,HA 15,NPGS,HA-NonOil,PPN220,HA-NonOil,HA-NonOil
220,31913,UGA-SAM1-221,PI 650571,HA 66,NPGS,HA-NonOil,PPN221,HA-NonOil,HA-NonOil
221,31914,UGA-SAM1-222,PI 650586,HA 211,NPGS,HA-NonOil,PPN222,HA-NonOil,HA-NonOil
222,31915,UGA-SAM1-223,PI 650594,HA 243,NPGS,HA-NonOil,PPN223,HA-NonOil,HA-NonOil
223,31916,UGA-SAM1-224,PI 650597,HA 248,NPGS,HA-NonOil,PPN224,HA-NonOil,HA-NonOil
224,31917,UGA-SAM1-225,PI 650603,HA 253,NPGS,HA-NonOil,PPN225,HA-NonOil,HA-NonOil
225,31918,UGA-SAM1-226,PI 650605,HA 259,NPGS,HA-NonOil,PPN226,HA-NonOil,HA-NonOil
226,31919,UGA-SAM1-227,PI 650753,HA-R2,NPGS,HA-Oil,PPN227,HA-Oil,HA-Oil
227,31920,UGA-SAM1-228,PI 650755,HA-R4,NPGS,HA-Oil,PPN228,HA-Oil,HA-Oil
228,31921,UGA-SAM1-229,PI 650842,Sep. from HA GERMPLASM POOL VII HMO BULK,NPGS,NonOil introgressed,PPN229,NonOil introgressed,landrace_OPV_other
229,31922,UGA-SAM1-230,PI 664208,RHA 334,NPGS,RHA-NonOil,PPN230,RHA-NonOil,RHA-NonOil
230,31923,UGA-SAM1-231,PI 509051,HA 341,NPGS,HA-Oil,PPN231,HA-Oil,HA-Oil
231,31924,UGA-SAM1-232,PI 534654,RHA 368,NPGS,RHA-Oil,PPN232,RHA-Oil,RHA-Oil
232,31925,UGA-SAM1-233,PI 561919,HA 379,NPGS,HA-NonOil,PPN233,HA-NonOil,HA-NonOil
233,31926,UGA-SAM1-234,PI 664176,HA GERMPLASM POOL V-1J,NPGS,NonOil introgressed,PPN234,NonOil introgressed,landrace_OPV_other
234,31927,UGA-SAM1-235,PI 664189,ND-NONOIL 1,NPGS,NonOil   ,PPN235,Other-NonOil,landrace_OPV_other
235,31928,UGA-SAM1-236,PI 664197,ND-NONOIL M1,NPGS,NonOil   ,PPN236,Other-NonOil,landrace_OPV_other
236,31929,UGA-SAM1-237,PI 664202,RHA 328,NPGS,RHA-NonOil,PPN237,RHA-NonOil,RHA-NonOil
237,31930,UGA-SAM1-238,PI 664214,ND-RLOS,NPGS,Oil,PPN238,Other-Oil,landrace_OPV_other
238,31931,UGA-SAM1-239,PI 664220,RHA 859,NPGS,RHA-Oil,PPN239,RHA-Oil,RHA-Oil
239,31932,UGA-SAM1-240,PI 664225,HA 316,NPGS,HA-NonOil,PPN240,HA-NonOil,HA-NonOil
240,31933,UGA-SAM1-241,PI 509053,HA 343,NPGS,HA-Oil,PPN241,HA-Oil,HA-Oil
241,31934,UGA-SAM1-242,PI 509065,RHA 355,NPGS,RHA-NonOil,PPN242,RHA-NonOil,RHA-NonOil
242,31935,UGA-SAM1-243,PI 534652,RHA 366,NPGS,RHA-Oil,PPN243,RHA-Oil,RHA-Oil
243,31936,UGA-SAM1-244,PI 534658,HA 372,NPGS,HA-Oil,PPN244,HA-Oil,HA-Oil
244,31937,UGA-SAM1-245,PI 549002,HA GERMPLASM POOL III-H,NPGS,Oil introgressed,PPN245,Oil introgressed,landrace_OPV_other
245,31938,UGA-SAM1-246,PI 549014,HA GERMPLASM POOL III-T,NPGS,Oil introgressed,PPN246,Oil introgressed,landrace_OPV_other
246,31939,UGA-SAM1-247,PI 552939,HA 301,NPGS,HA-Oil,PPN247,HA-Oil,HA-Oil
247,31940,UGA-SAM1-248,PI 552944,RHA 282,NPGS,RHA-NonOil,PPN248,RHA-NonOil,RHA-NonOil
248,31941,UGA-SAM1-249,PI 597366,HA 402,NPGS,HA-Oil,PPN249,HA-Oil,HA-Oil
249,31942,UGA-SAM1-250,PI 599762,RHA 278,NPGS,RHA-Oil,PPN250,RHA-Oil,RHA-Oil
250,31943,UGA-SAM1-251,PI 607506,RHA 415,NPGS,RHA-Oil,RHA415-4_PPN251,RHA-Oil,RHA-Oil
251,31944,UGA-SAM1-252,PI 618727,HA 423,NPGS,HA-Oil,PPN252,HA-Oil,HA-Oil
252,31945,UGA-SAM1-253,PI 650359,HA 1,NPGS,HA-NonOil,PPN253,HA-NonOil,HA-NonOil
253,31946,UGA-SAM1-254,SF_145,INRA line SF_145,INRA,HA,PPN254,INRA-HA,INRA
254,31947,UGA-SAM1-255,PI 650794,Manchurian,NPGS,NonOil   ,PPN255,OPV,landrace_OPV_other
255,31948,UGA-SAM1-256,SF_281,INRA line SF_281,INRA,RHA,PPN256,INRA-RHA,INRA
256,31949,UGA-SAM1-257,PI 650353,Guayacan,NPGS,NonOil   ,PPN257,OPV,landrace_OPV_other
257,31950,UGA-SAM1-258,SF_179,INRA line SF_179,INRA,HA,PPN258,INRA-HA,INRA
258,31951,UGA-SAM1-259,SF_092,INRA line SF_092,INRA,HA,PPN259,INRA-HA,INRA
259,31952,UGA-SAM1-260,PI 650541,Charata,NPGS,NonOil   ,PPN260,OPV,landrace_OPV_other
260,31953,UGA-SAM1-261,SF_193,INRA line SF_193,INRA,HA,PPN261,INRA-HA,INRA
261,31954,UGA-SAM1-262,SF_230,INRA line SF_230,INRA,HA,PPN262,INRA-HA,INRA
262,31955,UGA-SAM1-263,SF_232,INRA line SF_232,INRA,HA,PPN263,INRA-HA,INRA
263,31956,UGA-SAM1-264,SF_233,INRA line SF_233,INRA,HA,PPN264,INRA-HA,INRA
264,31957,UGA-SAM1-265,PI 664149,Hemus,NPGS,NonOil   ,PPN265,OPV,landrace_OPV_other
265,31958,UGA-SAM1-266,SF_293,INRA line SF_293,INRA,RHA,PPN266,INRA-RHA,INRA
266,31959,UGA-SAM1-267,SF_009,INRA line SF_009,INRA,HA,PPN267,INRA-HA,INRA
267,31960,UGA-SAM1-268,SF_063,INRA line SF_063,INRA,HA,PPN268,INRA-HA,INRA
268,31961,UGA-SAM1-269,SF_210,INRA line SF_210,INRA,HA,PPN269,INRA-HA,INRA
269,31962,UGA-SAM1-270,SF_060,INRA line SF_060,INRA,HA,PPN270,INRA-HA,INRA
270,31963,UGA-SAM1-271,SF_296,INRA line SF_296,INRA,RHA,PPN271,INRA-RHA,INRA
271,31965,UGA-SAM1-273,SF_076,INRA line SF_076,INRA,HA,PPN273,INRA-HA,INRA
272,31966,UGA-SAM1-274,SF_280,INRA line SF_280,INRA,RHA,PPN274,INRA-RHA,INRA
273,31967,UGA-SAM1-275,SF_169,INRA line SF_169,INRA,HA,PPN275,INRA-HA,INRA
274,31968,UGA-SAM1-276,SF_306,INRA line SF_306,INRA,RHA,PPN276,INRA-RHA,INRA
275,31969,UGA-SAM1-277,PI 650437,Saturn,NPGS,NonOil   ,PPN277,OPV,landrace_OPV_other
276,31970,UGA-SAM1-278,SF_295,INRA line SF_295,INRA,RHA,PPN278,INRA-RHA,INRA
277,31971,UGA-SAM1-279,SF_307,INRA line SF_307,INRA,RHA,PPN279,INRA-RHA,INRA
278,31972,UGA-SAM1-280,SF_322,INRA line SF_322,INRA,RHA,PPN280,INRA-RHA,INRA
279,31973,UGA-SAM1-281,SF_320,INRA line SF_320,INRA,RHA,PPN281,INRA-RHA,INRA
280,31974,UGA-SAM1-282,SF_075,INRA line SF_075,INRA,HA,PPN282,INRA-HA,INRA
281,31975,UGA-SAM1-283,SF_292,INRA line SF_292,INRA,RHA,PPN283,INRA-RHA,INRA
282,31976,UGA-SAM1-284,SF_070,INRA line SF_070,INRA,HA,PPN284,INRA-HA,INRA
283,31977,UGA-SAM1-285,PI 369359,HOPI,NPGS,landrace,Hopi_PPN285,landrace,landrace_OPV_other
284,31978,UGA-SAM1-286,SF_023,INRA line SF_023,INRA,HA,PPN286,INRA-HA,INRA
285,31979,UGA-SAM1-287,SF_279,INRA line SF_279,INRA,RHA,PPN287,INRA-RHA,INRA
286,31980,UGA-SAM1-288,SF_323,INRA line SF_323,INRA,RHA,PPN288,INRA-RHA,INRA
287,31981,UGA-SAM1-289,PI 650601,HA 250,NPGS,HA-NonOil,PPN289,HA-NonOil,HA-NonOil
288,,,,RHA 358,,RHA-Oil,PI_531071,RHA-Oil,RHA-Oil
289,,,XRQ,INRA line SF_33,INRA,,SF_33,INRA-HA,INRA
NA,31964,UGA-SAM1-272,SF_035,INRA line SF_035,INRA,HA,,NA,NA