sort,PPN,Ames,UGA.SAM1.last.three.digits.PPN.,source.PI.or.INRA.,source.line.name,origin,type,SequenceName,SamID,heterotic_group,Oil_NonOil,Mandel,Groups,corrected
1,PPN001,31694,UGA-SAM1-001,PI 664210,HA 851,NPGS,HA-Oil,PPN001,1,HA,Oil,HA-Oil,HA-Oil,
2,PPN002,31695,UGA-SAM1-002,PI 664212,HA 853,NPGS,HA-Oil,PPN002,2,HA,Oil,HA-Oil,HA-Oil,
3,PPN003,31696,UGA-SAM1-003,PI 664232,HA 323,NPGS,HA-NonOil,PPN003,3,HA,NonOil,HA-NonOil,HA-NonOil,
4,PPN004,31697,UGA-SAM1-004,PI 509061,HA 351,NPGS,HA-NonOil,PPN004,4,HA,NonOil,HA-NonOil,HA-NonOil,
5,PPN005,31698,UGA-SAM1-005,PI 509062,HA 352,NPGS,HA-NonOil,PPN005,5,HA,NonOil,HA-NonOil,HA-NonOil,
6,PPN006,31699,UGA-SAM1-006,PI 552932,HA 286,NPGS,HA-NonOil,PPN006,6,HA,NonOil,HA-NonOil,HA-NonOil,
7,PPN007,31700,UGA-SAM1-007,PI 552940,HA 302,NPGS,HA-Oil,PPN007,7,HA,Oil,HA-Oil,HA-Oil,
8,PPN008,31701,UGA-SAM1-008,PI 552943,RHA 280,NPGS,RHA-NonOil,PPN008,8,RHA,NonOil,RHA-NonOil,RHA-NonOil,
9,PPN009,31702,UGA-SAM1-009,PI 560144,RHA 376,NPGS,RHA-Oil,PPN009,9,RHA,Oil,RHA-Oil,RHA-Oil,
10,PPN010,31703,UGA-SAM1-010,PI 560145,RHA 377,NPGS,RHA-Oil,PPN010,10,RHA,Oil,RHA-Oil,RHA-Oil,
11,PPN011,31704,UGA-SAM1-011,PI 561920,HA 380,NPGS,HA-Oil,PPN011,11,HA,Oil,HA-NonOil,HA-Oil,y
12,PPN012,31705,UGA-SAM1-012,PI 561921,RHA 381,NPGS,RHA-Oil,PPN012,12,RHA,Oil,RHA-Oil,RHA-Oil,
13,PPN013,31706,UGA-SAM1-013,PI 578008,RHA 386,NPGS,RHA-Oil,PPN013,13,RHA,Oil,RHA-Oil,RHA-Oil,
14,PPN014,31707,UGA-SAM1-014,PI 578009,RHA 387,NPGS,RHA-Oil,PPN014,14,RHA,Oil,RHA-Oil,RHA-Oil,
15,PPN015,31708,UGA-SAM1-015,PI 578010,RHA 388,NPGS,RHA-Oil,PPN015,15,RHA,Oil,RHA-Oil,RHA-Oil,
16,PPN016,31709,UGA-SAM1-016,PI 578011,RHA 389,NPGS,RHA-Oil,PPN016,16,RHA,Oil,RHA-Oil,RHA-Oil,
17,PPN017,31710,UGA-SAM1-017,PI 578872,HA 383,NPGS,HA-Oil,PPN017,17,HA,Oil,HA-Oil,HA-Oil,
18,PPN018,31711,UGA-SAM1-018,PI 578873,HA 384,NPGS,HA-Oil,PPN018,18,HA,Oil,HA-Oil,HA-Oil,
19,PPN019,31712,UGA-SAM1-019,PI 597367,HA 403,NPGS,HA-Oil,PPN019,19,HA,Oil,HA-Oil,HA-Oil,
20,PPN020,31713,UGA-SAM1-020,PI 597368,HA 404,NPGS,HA-Oil,PPN020,20,HA,Oil,HA-Oil,HA-Oil,
21,PPN021,31714,UGA-SAM1-021,PI 597369,HA 405,NPGS,HA-Oil,PPN021,21,HA,Oil,HA-Oil,HA-Oil,
22,PPN022,31715,UGA-SAM1-022,PI 597373,RHA 396,NPGS,RHA-Oil,PPN022,22,RHA,Oil,RHA-Oil,RHA-Oil,
23,PPN023,31716,UGA-SAM1-023,PI 597374,RHA 397,NPGS,RHA-Oil,PPN023,23,RHA,Oil,RHA-Oil,RHA-Oil,
24,PPN024,31717,UGA-SAM1-024,PI 599758,RHA 273,NPGS,RHA-Oil,PPN024,24,RHA,Oil,RHA-Oil,RHA-Oil,
25,PPN025,31718,UGA-SAM1-025,PI 599766,RHA 298,NPGS,RHA-Oil,PPN025,25,RHA,Oil,RHA-Oil,RHA-Oil,
26,PPN026,31719,UGA-SAM1-026,PI 599775,HA 124,NPGS,HA-Oil,PPN026,26,HA,Oil,HA-Oil,HA-Oil,
27,PPN027,31720,UGA-SAM1-027,PI 599783,HA 314,NPGS,HA-NonOil,PPN027,27,HA,NonOil,HA-NonOil,HA-NonOil,
28,PPN028,31721,UGA-SAM1-028,PI 599976,HA 306,NPGS,HA-NonOil,PPN028,28,HA,NonOil,HA-NonOil,HA-NonOil,
29,PPN029,31722,UGA-SAM1-029,PI 599983,HA 313,NPGS,HA-NonOil,PPN029,29,HA,NonOil,HA-NonOil,HA-NonOil,
30,PPN030,31723,UGA-SAM1-030,PI 607920,R-185,NPGS,RHA-Oil,PPN030,30,RHA,Oil,RHA-Oil,RHA-Oil,
31,PPN031,31724,UGA-SAM1-031,PI 607921,R-188,NPGS,RHA-Oil,PPN031,31,RHA,Oil,RHA-Oil,RHA-Oil,
32,PPN032,31725,UGA-SAM1-032,PI 607923,R-201,NPGS,RHA-Oil,PPN032,32,RHA,Oil,RHA-Oil,RHA-Oil,
33,PPN033,31726,UGA-SAM1-033,PI 633746,RHA 436,NPGS,RHA-Oil,PPN033,33,RHA,Oil,RHA-Oil,RHA-Oil,
34,PPN034,31727,UGA-SAM1-034,PI 633747,RHA 437,NPGS,RHA-Oil,PPN034,34,RHA,Oil,RHA-Oil,RHA-Oil,
35,PPN035,31728,UGA-SAM1-035,PI 650575,HA 112,NPGS,HA-NonOil,PPN035,35,HA,NonOil,HA-NonOil,HA-NonOil,
36,PPN036,31729,UGA-SAM1-036,PI 650579,HA 116,NPGS,HA-NonOil,PPN036,36,HA,NonOil,HA-NonOil,HA-NonOil,
37,PPN037,31730,UGA-SAM1-037,PI 650582,HA 133,NPGS,HA-NonOil,PPN037,37,HA,NonOil,HA-NonOil,HA-NonOil,
38,PPN038,31731,UGA-SAM1-038,PI 650612,HA 113,NPGS,HA-Oil,PPN038,38,HA,Oil,HA-Oil,HA-Oil,
39,PPN039,31732,UGA-SAM1-039,PI 509060,HA 350,NPGS,HA-NonOil,PPN039,39,HA,NonOil,HA-NonOil,HA-NonOil,
40,PPN040,31733,UGA-SAM1-040,PI 534656,HA 370,NPGS,HA-Oil,PPN040,40,HA,Oil,HA-Oil,HA-Oil,
41,PPN041,31734,UGA-SAM1-041,PI 543746,RGIG1,NPGS,RHA-Oil,PPN041,41,RHA,Oil,RHA-NonOil,RHA-Oil,y
42,PPN042,31735,UGA-SAM1-042,PI 599768,RHA 801,NPGS,RHA-Oil,PPN042,42,RHA,Oil,RHA-Oil,RHA-Oil,
43,PPN043,31736,UGA-SAM1-043,PI 650754,HA-R3,NPGS,HA-Oil,PPN043,43,HA,Oil,HA-Oil,HA-Oil,
44,PPN044,31737,UGA-SAM1-044,PI 650467,VK-47,NPGS,NonOil   ,PPN044,44,OPV,NonOil,OPV/landrace,landrace_OPV,
45,PPN045,31738,UGA-SAM1-045,PI 664233,ND-BLPL2,NPGS,HA-Oil,PPN045,45,HA,Oil,NonOil,HA-Oil,y
46,PPN046,31739,UGA-SAM1-046,PI 600717,Mandan #1,NPGS,landrace,PPN046,46,landrace,NonOil,OPV/landrace,landrace_OPV,
47,PPN047,31740,UGA-SAM1-047,PI 642771,HA 452,NPGS,HA-Oil,PPN047,47,HA,Oil,HA-Oil,HA-Oil,
48,PPN048,31741,UGA-SAM1-048,PI 650817,Klein Casares,NPGS,NonOil   ,PPN048,48,OPV,NonOil,OPV/landrace,landrace_OPV,
49,PPN049,31742,UGA-SAM1-049,PI 642774,RHA 455,NPGS,RHA-Oil,PPN049,49,RHA,Oil,RHA-Oil,RHA-Oil,
50,PPN050,31743,UGA-SAM1-050,PI 642775,HA 456,NPGS,HA-Oil,PPN050,50,HA,Oil,HA-Oil,HA-Oil,
51,PPN051,31744,UGA-SAM1-051,PI 340790,USSR VNIIMK 8931 '66,NPGS,OPV,PPN051,51,OPV,Oil,NonOil,landrace_OPV,y
52,PPN052,31745,UGA-SAM1-052,PI 642776,HA 457,NPGS,HA-Oil,PPN052,52,HA,Oil,HA-NonOil,HA-Oil,y
53,PPN053,31746,UGA-SAM1-053,PI 642777,HA 412 HO,NPGS,HA-Oil,HA412,53,HA,Oil,HA-Oil,HA-Oil,
54,PPN054,31747,UGA-SAM1-054,PI 655014,RHA 463,NPGS,RHA-Oil,PPN054,54,RHA,Oil,RHA-NonOil,RHA-Oil,y
55,PPN055,31748,UGA-SAM1-055,PI 655015,RHA 464,NPGS,RHA-Oil,PPN055,55,RHA,Oil,RHA-NonOil,RHA-Oil,y
56,PPN056,31749,UGA-SAM1-056,PI 664200,RHA 324,NPGS,RHA-NonOil,PPN056,56,RHA,NonOil,RHA-NonOil,RHA-NonOil,
57,PPN057,31750,UGA-SAM1-057,PI 664216,RHA 855,NPGS,RHA-Oil,PPN057,57,RHA,Oil,RHA-Oil,RHA-Oil,
58,PPN058,31751,UGA-SAM1-058,PI 664222,ND-ERLYS,NPGS,RHA-Oil,PPN058,58,RHA,Oil,Oil,RHA-Oil,y
59,PPN059,31752,UGA-SAM1-059,PI 509059,HA 349,NPGS,HA-NonOil,PPN059,59,HA,NonOil,HA-NonOil,HA-NonOil,
60,PPN060,31753,UGA-SAM1-060,PI 531072,RHA 359,NPGS,RHA-Oil,PPN060,60,RHA,Oil,RHA-Oil,RHA-Oil,
61,PPN061,31754,UGA-SAM1-061,PI 534650,RHA 364,NPGS,RHA-Oil,PPN061,61,RHA,Oil,RHA-Oil,RHA-Oil,
62,PPN062,31755,UGA-SAM1-062,PI 534657,HA 371,NPGS,HA-Oil,PPN062,62,HA,Oil,HA-Oil,HA-Oil,
63,PPN063,31756,UGA-SAM1-063,PI 549001,HA GERMPLASM POOL III-G,NPGS,Oil introgressed,PPN063,63,introgressed,Oil,introgressed,introgressed,
64,PPN064,31757,UGA-SAM1-064,PI 549011,HA GERMPLASM POOL III-Q,NPGS,Oil introgressed,PPN064,64,introgressed,Oil,introgressed,introgressed,
65,PPN065,31758,UGA-SAM1-065,PI 552931,RHA 296,NPGS,RHA-Oil,PPN065,65,RHA,Oil,RHA-Oil,RHA-Oil,
66,PPN066,31759,UGA-SAM1-066,PI 552948,DM-3,NPGS,HA-Oil,PPN066,66,HA,Oil,Oil,HA-Oil,y
67,PPN067,31760,UGA-SAM1-067,PI 561918,HA 378,NPGS,HA-Oil,PPN067,67,HA,Oil,HA-Oil,HA-Oil,
68,PPN068,31761,UGA-SAM1-068,PI 599753,HA 154,NPGS,HA-NonOil,PPN068,68,HA,NonOil,HA-NonOil,HA-NonOil,
69,PPN069,31762,UGA-SAM1-069,PI 639165,HA 442,NPGS,HA-Oil,PPN069,69,HA,Oil,HA-Oil,HA-Oil,
70,PPN070,31763,UGA-SAM1-070,PI 599780,HA 285,NPGS,HA-NonOil,PPN070,70,HA,NonOil,HA-NonOil,HA-NonOil,
71,PPN071,31764,UGA-SAM1-071,PI 599781,HA 289,NPGS,HA-Oil,PPN071,71,HA,Oil,HA-Oil,HA-Oil,
72,PPN072,31765,UGA-SAM1-072,PI 599980,RHA 309,NPGS,RHA-NonOil,PPN072,72,RHA,NonOil,RHA-NonOil,RHA-NonOil,
73,PPN073,31766,UGA-SAM1-073,PI 601368,PHA009,NPGS,RHA-Oil,PPN073,73,RHA,Oil,NonOil,RHA-Oil,y
74,PPN074,31767,UGA-SAM1-074,PI 650588,HA 228,NPGS,HA-NonOil,PPN074,74,HA,NonOil,HA-NonOil,HA-NonOil,
75,PPN075,31768,UGA-SAM1-075,PI 664168,HA GERMPLASM POOL I,NPGS,NonOil introgressed,PPN075,75,introgressed,NonOil,introgressed,introgressed,
76,PPN076,31769,UGA-SAM1-076,PI 599982,HA 312,NPGS,HA-NonOil,PPN076,76,HA,NonOil,HA-NonOil,HA-NonOil,
77,PPN077,31770,UGA-SAM1-077,PI 664209,HA 850,NPGS,HA-Oil,PPN077,77,HA,Oil,HA-Oil,HA-Oil,
78,PPN078,31771,UGA-SAM1-078,PI 664231,HA 322,NPGS,HA-NonOil,PPN078,78,HA,NonOil,HA-NonOil,HA-NonOil,
79,PPN079,31772,UGA-SAM1-079,PI 548996,HA GERMPLASM POOL III-B,NPGS,Oil introgressed,PPN079,79,introgressed,Oil,introgressed,introgressed,
80,PPN080,31773,UGA-SAM1-080,PI 552933,HA 287,NPGS,HA-NonOil,PPN080,80,HA,NonOil,HA-NonOil,HA-NonOil,
81,PPN081,31774,UGA-SAM1-081,PI 560143,RHA 375,NPGS,RHA-Oil,PPN081,81,RHA,Oil,RHA-Oil,RHA-Oil,
82,PPN082,31775,UGA-SAM1-082,PI 664193,ND-NONOIL B2,NPGS,HA-Oil,PPN082,82,HA,NonOil,NonOil,HA-NonOil,y
83,PPN083,31776,UGA-SAM1-083,PI 432504,Hopi dye,NPGS,landrace,PPN083,83,landrace,NonOil,OPV/landrace,landrace_OPV,
84,PPN084,31777,UGA-SAM1-084,PI 664169,HA GERMPLASM POOL II,NPGS,NonOil introgressed,PPN084,84,introgressed,NonOil,introgressed,introgressed,
85,PPN086,31778,UGA-SAM1-086,PI 664175,HA GERMPLASM POOL V-1I,NPGS,NonOil introgressed,PPN086,86,introgressed,NonOil,introgressed,introgressed,
86,PPN087,31779,UGA-SAM1-087,PI 664177,HA GERMPLASM POOL V-1K,NPGS,NonOil introgressed,PPN087,87,introgressed,NonOil,introgressed,introgressed,
87,PPN088,31780,UGA-SAM1-088,PI 664179,HA GPP V-2,NPGS,NonOil introgressed,PPN088,88,introgressed,NonOil,introgressed,introgressed,
88,PPN089,31781,UGA-SAM1-089,PI 664190,ND-NONOIL 2,NPGS,HA-NonOil   ,PPN089,89,HA,NonOil,NonOil,HA-NonOil,y
89,PPN090,31782,UGA-SAM1-090,PI 655009,HA 458,NPGS,HA-Oil,PPN090,90,HA,Oil,HA-NonOil,HA-Oil,y
90,PPN091,31783,UGA-SAM1-091,PI 664191,ND-NONOIL 3,NPGS,HA-NonOil,PPN091,91,HA,NonOil,NonOil,HA-NonOil,y
91,PPN092,31784,UGA-SAM1-092,PI 664194,ND-NONOIL B3,NPGS,HA-NonOil,PPN092,92,HA,NonOil,NonOil,HA-NonOil,y
92,PPN093,31785,UGA-SAM1-093,PI 386230,VIR 847,NPGS,NonOil   ,PPN093,93,OPV,NonOil,OPV/landrace,landrace_OPV,
93,PPN094,31786,UGA-SAM1-094,PI 476853,Mammoth,NPGS,NonOil   ,PPN094,94,OPV,NonOil,OPV/landrace,landrace_OPV,
94,PPN095,31787,UGA-SAM1-095,PI 664196,ND-NONOIL B5,NPGS,HA-NonOil,PPN095,95,HA,NonOil,NonOil,HA-NonOil,y
95,PPN096,31788,UGA-SAM1-096,PI 655013,RHA 462,NPGS,RHA-Oil,PPN096,96,RHA,Oil,RHA-Oil,RHA-Oil,
96,PPN097,31789,UGA-SAM1-097,PI 664199,ND-NONOIL M3,NPGS,HA-NonOil,PPN097,97,HA,NonOil,NonOil,HA-NonOil,y
97,PPN098,31790,UGA-SAM1-098,PI 664201,RHA 326,NPGS,RHA-NonOil,PPN098,98,RHA,NonOil,RHA-NonOil,RHA-NonOil,
98,PPN099,31791,UGA-SAM1-099,PI 664203,RHA 329,NPGS,RHA-NonOil,PPN099,99,RHA,NonOil,RHA-NonOil,RHA-NonOil,
99,PPN100,31792,UGA-SAM1-100,PI 664204,RHA 330,NPGS,RHA-NonOil,PPN100,100,RHA,NonOil,RHA-NonOil,RHA-NonOil,
100,PPN101,31793,UGA-SAM1-101,PI 664205,RHA 331,NPGS,RHA-NonOil,PPN101,101,RHA,NonOil,RHA-NonOil,RHA-NonOil,
101,PPN102,31794,UGA-SAM1-102,PI 664206,RHA 332,NPGS,RHA-NonOil,PPN102,102,RHA,NonOil,RHA-NonOil,RHA-NonOil,
102,PPN103,31795,UGA-SAM1-103,PI 664207,RHA 333,NPGS,RHA-NonOil,PPN103,103,RHA,NonOil,RHA-NonOil,RHA-NonOil,
103,PPN104,31796,UGA-SAM1-104,PI 664211,HA 852,NPGS,HA-Oil,PPN104,104,HA,Oil,HA-Oil,HA-Oil,
104,PPN105,31797,UGA-SAM1-105,PI 664213,ND-BLOS,NPGS,HA-Oil,PPN105,105,HA,Oil,Oil,HA-Oil,y
105,PPN106,31798,UGA-SAM1-106,PI 664215,RHA 854,NPGS,RHA-Oil,PPN106,106,RHA,Oil,RHA-Oil,RHA-Oil,
106,PPN107,31799,UGA-SAM1-107,PI 664218,RHA 857,NPGS,RHA-Oil,PPN107,107,RHA,Oil,RHA-Oil,RHA-Oil,
107,PPN108,31800,UGA-SAM1-108,PI 664219,RHA 858,NPGS,RHA-Oil,PPN108,108,RHA,Oil,RHA-Oil,RHA-Oil,
108,PPN109,31801,UGA-SAM1-109,PI 664221,ND-EBLYS,NPGS,HA-Oil,PPN109,109,HA,Oil,Oil,HA-Oil,y
109,PPN110,31802,UGA-SAM1-110,PI 664227,HA 318,NPGS,HA-NonOil,PPN110,110,HA,NonOil,HA-NonOil,HA-NonOil,
110,PPN111,31803,UGA-SAM1-111,PI 664228,HA 319,NPGS,HA-NonOil,PPN111,111,HA,NonOil,HA-NonOil,HA-NonOil,
111,PPN112,31804,UGA-SAM1-112,PI 664229,HA 320,NPGS,HA-NonOil,PPN112,112,HA,NonOil,HA-NonOil,HA-NonOil,
112,PPN113,31805,UGA-SAM1-113,PI 664230,HA 321,NPGS,HA-NonOil,PPN113,113,HA,NonOil,HA-NonOil,HA-NonOil,
113,PPN114,31806,UGA-SAM1-114,PI 664234,RHA 325,NPGS,RHA-NonOil,PPN114,114,RHA,NonOil,RHA-NonOil,RHA-NonOil,
114,PPN115,31807,UGA-SAM1-115,PI 509057,RHA 347,NPGS,RHA-Oil,PPN115,115,RHA,Oil,RHA-Oil,RHA-Oil,
115,PPN116,31808,UGA-SAM1-116,PI 509063,HA 353,NPGS,HA-NonOil,PPN116,116,HA,NonOil,HA-NonOil,HA-NonOil,
116,PPN117,31809,UGA-SAM1-117,PI 509064,RHA 354,NPGS,RHA-NonOil,PPN117,117,RHA,NonOil,RHA-NonOil,RHA-NonOil,
117,PPN118,31810,UGA-SAM1-118,PI 531074,RHA 361,NPGS,RHA-Oil,PPN118,118,RHA,Oil,RHA-Oil,RHA-Oil,
118,PPN119,31811,UGA-SAM1-119,PI 531075,RHA 362,NPGS,RHA-Oil,PPN119,119,RHA,Oil,RHA-NonOil,RHA-Oil,y
119,PPN120,31812,UGA-SAM1-120,PI 534649,RHA 363,NPGS,RHA-Oil,PPN120,120,RHA,Oil,RHA-Oil,RHA-Oil,
120,PPN121,31813,UGA-SAM1-121,PI 534653,RHA 367,NPGS,RHA-Oil,PPN121,121,RHA,Oil,RHA-Oil,RHA-Oil,
121,PPN122,31814,UGA-SAM1-122,PI 543745,RPET2,NPGS,RHA-Oil,PPN122,122,RHA,Oil,RHA-NonOil,RHA-Oil,y
122,PPN123,31815,UGA-SAM1-123,PI 548997,HA GERMPLASM POOL III-C,NPGS,Oil introgressed,PPN123,123,introgressed,Oil,introgressed,introgressed,
123,PPN124,31816,UGA-SAM1-124,PI 548998,HA GERMPLASM POOL III-D,NPGS,Oil introgressed,PPN124,124,introgressed,Oil,introgressed,introgressed,
124,PPN125,31817,UGA-SAM1-125,PI 549003,HA GERMPLASM POOL III-I,NPGS,Oil introgressed,PPN125,125,introgressed,Oil,introgressed,introgressed,
125,PPN126,31818,UGA-SAM1-126,PI 549006,HA GERMPLASM POOL III-L,NPGS,Oil introgressed,PPN126,126,introgressed,Oil,introgressed,introgressed,
126,PPN127,31819,UGA-SAM1-127,PI 549009,HA GERMPLASM POOL III-O,NPGS,Oil introgressed,PPN127,127,introgressed,Oil,introgressed,introgressed,
127,PPN128,31820,UGA-SAM1-128,PI 549015,HA GERMPLASM POOL III-U,NPGS,Oil introgressed,PPN128,128,introgressed,Oil,introgressed,introgressed,
128,PPN129,31821,UGA-SAM1-129,PI 552934,HA 288,NPGS,HA-NonOil,PPN129,129,HA,NonOil,HA-NonOil,HA-NonOil,
129,PPN130,31822,UGA-SAM1-130,PI 552935,HA 290,NPGS,HA-Oil,PPN130,130,HA,Oil,HA-Oil,HA-Oil,
130,PPN131,31823,UGA-SAM1-131,PI 552936,HA 291,NPGS,HA-Oil,PPN131,131,HA,Oil,HA-Oil,HA-Oil,
131,PPN132,31824,UGA-SAM1-132,PI 552937,HA 292,NPGS,HA-NonOil,PPN132,132,HA,NonOil,HA-NonOil,HA-NonOil,
132,PPN133,31825,UGA-SAM1-133,PI 552938,HA 300,NPGS,HA-Oil,PPN133,133,HA,Oil,HA-Oil,HA-Oil,
133,PPN134,31826,UGA-SAM1-134,PI 552942,HA 305,NPGS,HA-NonOil,PPN134,134,HA,NonOil,HA-NonOil,HA-NonOil,
134,PPN135,31827,UGA-SAM1-135,PI 552947,DM-2,NPGS,HA-Oil,PPN135,135,HA,Oil,Oil,HA-Oil,y
135,PPN136,31828,UGA-SAM1-136,PI 560141,RHA 373,NPGS,RHA-Oil,NMS373_PPN136,136,RHA,Oil,RHA-Oil,RHA-Oil,
136,PPN137,31829,UGA-SAM1-137,PI 560142,RHA 374,NPGS,RHA-Oil,PPN137,137,RHA,Oil,RHA-Oil,RHA-Oil,
137,PPN138,31830,UGA-SAM1-138,PI 578874,HA 385,NPGS,HA-Oil,PPN138,138,HA,Oil,HA-Oil,HA-Oil,
138,PPN139,31831,UGA-SAM1-139,PI 597364,HA 393,NPGS,HA-Oil,PPN139,139,HA,Oil,HA-Oil,HA-Oil,
139,PPN140,31832,UGA-SAM1-140,PI 597365,HA 394,NPGS,HA-Oil,PPN140,140,HA,Oil,HA-Oil,HA-Oil,
140,PPN141,31833,UGA-SAM1-141,PI 597370,HA 406,NPGS,HA-Oil,PPN141,141,HA,Oil,HA-Oil,HA-Oil,
141,PPN142,31834,UGA-SAM1-142,PI 597375,RHA 398,NPGS,RHA-Oil,PPN142,142,RHA,Oil,RHA-Oil,RHA-Oil,
142,PPN143,31835,UGA-SAM1-143,PI 599757,RHA 270,NPGS,RHA-Oil,PPN143,143,RHA,Oil,RHA-Oil,RHA-Oil,
143,PPN144,31836,UGA-SAM1-144,PI 599770,HA 60,NPGS,HA-Oil,PPN144,144,HA,Oil,HA-Oil,HA-Oil,
144,PPN145,31837,UGA-SAM1-145,PI 599779,HA 277,NPGS,HA-Oil,PPN145,145,HA,Oil,HA-Oil,HA-Oil,
145,PPN146,31838,UGA-SAM1-146,PI 599788,RHA 293,NPGS,RHA-NonOil,PPN146,146,RHA,NonOil,RHA-NonOil,RHA-NonOil,
146,PPN147,31839,UGA-SAM1-147,PI 599978,HA 308,NPGS,HA-NonOil,PPN147,147,HA,NonOil,HA-NonOil,HA-NonOil,
147,PPN148,31840,UGA-SAM1-148,PI 603987,RHA 391,NPGS,RHA-Oil,PPN148,148,RHA,Oil,RHA-Oil,RHA-Oil,
148,PPN149,31841,UGA-SAM1-149,PI 607510,HA-R7,NPGS,RHA-NonOil,PPN149,149,RHA,NonOil,HA-NonOil,RHA-NonOil,y
149,PPN150,31842,UGA-SAM1-150,PI 607927,IMISUN-1,NPGS,HA-Oil,PPN150,150,HA,Oil,Oil,HA-Oil,y
150,PPN151,31843,UGA-SAM1-151,PI 617098,HA 425,NPGS,HA-Oil,PPN151,151,HA,Oil,HA-Oil,HA-Oil,
151,PPN152,31844,UGA-SAM1-152,PI 632338,HA 429,NPGS,HA-Oil,PPN152,152,HA,Oil,HA-Oil,HA-Oil,
152,PPN153,31845,UGA-SAM1-153,PI 632342,HA 433,NPGS,HA-Oil,PPN153,153,HA,Oil,HA-Oil,HA-Oil,
153,PPN154,31846,UGA-SAM1-154,PI 633748,RHA 438,NPGS,RHA-Oil,PPN154,154,RHA,Oil,RHA-Oil,RHA-Oil,
154,PPN155,31847,UGA-SAM1-155,PI 639169,HA 446,NPGS,HA-Oil,PPN155,155,HA,Oil,HA-Oil,HA-Oil,
155,PPN156,31848,UGA-SAM1-156,PI 650570,HA 65,NPGS,HA-NonOil,PPN156,156,HA,NonOil,HA-NonOil,HA-NonOil,
156,PPN157,31849,UGA-SAM1-157,PI 650592,HA 236,NPGS,HA-NonOil,PPN157,157,HA,NonOil,HA-NonOil,HA-NonOil,
157,PPN158,31850,UGA-SAM1-158,PI 650599,HA 249,NPGS,HA-NonOil,PPN158,158,HA,NonOil,HA-NonOil,HA-NonOil,
158,PPN159,31851,UGA-SAM1-159,PI 650763,HA-R5,NPGS,HA-Oil,PPN159,159,HA,Oil,HA-Oil,HA-Oil,
159,PPN160,31852,UGA-SAM1-160,PI 597371,HA 407,NPGS,HA-Oil,PPN160,160,HA,Oil,HA-Oil,HA-Oil,
160,PPN161,31853,UGA-SAM1-161,PI 597372,RHA 395,NPGS,RHA-Oil,PPN161,161,RHA,Oil,RHA-Oil,RHA-Oil,
161,PPN162,31854,UGA-SAM1-162,PI 597376,RHA 399,NPGS,RHA-Oil,PPN162,162,RHA,Oil,RHA-Oil,RHA-Oil,
162,PPN163,31855,UGA-SAM1-163,PI 597377,RHA 400,NPGS,RHA-Oil,PPN163,163,RHA,Oil,RHA-Oil,RHA-Oil,
163,PPN164,31856,UGA-SAM1-164,PI 597378,RHA 401,NPGS,RHA-Oil,PPN164,164,RHA,Oil,RHA-Oil,RHA-Oil,
164,PPN165,31857,UGA-SAM1-165,PI 599759,RHA 274,NPGS,RHA-Oil,PPN165,165,RHA,Oil,RHA-Oil,RHA-Oil,
165,PPN166,31858,UGA-SAM1-166,PI 599763,RHA 279,NPGS,RHA-Oil,PPN166,166,RHA,Oil,RHA-Oil,RHA-Oil,
166,PPN167,31859,UGA-SAM1-167,PI 599764,RHA 294,NPGS,RHA-NonOil,PPN167,167,RHA,NonOil,RHA-NonOil,RHA-NonOil,
167,PPN168,31860,UGA-SAM1-168,PI 599765,RHA 297,NPGS,RHA-Oil,PPN168,168,RHA,Oil,RHA-Oil,RHA-Oil,
168,PPN169,31861,UGA-SAM1-169,PI 599767,RHA 299,NPGS,RHA-Oil,PPN169,169,RHA,Oil,RHA-Oil,RHA-Oil,
169,PPN170,31862,UGA-SAM1-170,PI 599769,HA 8,NPGS,HA-NonOil,PPN170,170,HA,NonOil,HA-NonOil,HA-NonOil,
170,PPN171,31863,UGA-SAM1-171,PI 599771,HA 61,NPGS,RHA-Oil,PPN171,171,RHA,Oil,HA-Oil,RHA-Oil,y
171,PPN172,31864,UGA-SAM1-172,PI 599772,HA 64,NPGS,HA-Oil,PPN172,172,HA,Oil,HA-Oil,HA-Oil,
172,PPN173,31865,UGA-SAM1-173,PI 599773,HA 89,NPGS,HA-Oil,PPN173,173,HA,Oil,HA-Oil,HA-Oil,
173,PPN174,31866,UGA-SAM1-174,PI 599774,HA 99,NPGS,HA-Oil,PPN174,174,HA,Oil,HA-Oil,HA-Oil,
174,PPN175,31867,UGA-SAM1-175,PI 599776,HA 224,NPGS,HA-Oil,PPN175,175,HA,Oil,HA-Oil,HA-Oil,
175,PPN176,31868,UGA-SAM1-176,PI 599778,HA 234,NPGS,HA-Oil,PPN176,176,HA,Oil,HA-Oil,HA-Oil,
176,PPN177,31869,UGA-SAM1-177,PI 599782,HA 304,NPGS,HA-NonOil,PPN177,177,HA,NonOil,HA-NonOil,HA-NonOil,
177,PPN178,31870,UGA-SAM1-178,PI 599785,HA 822,NPGS,HA-Oil,PPN178,178,HA,Oil,HA-Oil,HA-Oil,
178,PPN179,31871,UGA-SAM1-179,PI 599786,RHA 271,NPGS,RHA-Oil,PPN179,179,RHA,Oil,RHA-Oil,RHA-Oil,
179,PPN180,31872,UGA-SAM1-180,PI 599787,RHA 272,NPGS,RHA-Oil,PPN180,180,RHA,Oil,RHA-Oil,RHA-Oil,
180,PPN181,31873,UGA-SAM1-181,PI 599789,RHA 311,NPGS,RHA-NonOil,PPN181,181,RHA,NonOil,RHA-NonOil,RHA-NonOil,
181,PPN182,31874,UGA-SAM1-182,PI 599977,HA 307,NPGS,HA-NonOil,PPN182,182,HA,NonOil,HA-NonOil,HA-NonOil,
182,PPN183,31875,UGA-SAM1-183,PI 599979,HA 207,NPGS,HA-NonOil,PPN183,183,HA,NonOil,HA-NonOil,HA-NonOil,
183,PPN184,31876,UGA-SAM1-184,PI 599981,RHA 310,NPGS,RHA-NonOil,PPN184,184,RHA,NonOil,RHA-NonOil,RHA-NonOil,
184,PPN185,31877,UGA-SAM1-185,PI 599984,HA 821,NPGS,HA-Oil,PPN185,185,HA,Oil,HA-Oil,HA-Oil,
185,PPN186,31878,UGA-SAM1-186,PI 600000,RHA 417,NPGS,RHA-Oil,PPN186,186,RHA,Oil,RHA-Oil,RHA-Oil,
186,PPN187,31879,UGA-SAM1-187,PI 600723,BRS-1,NPGS,HA-Oil,PPN187,187,HA,Oil,Oil,HA-Oil,y
187,PPN188,31880,UGA-SAM1-188,PI 600725,BRS-3,NPGS,HA-Oil,PPN188,188,HA,Oil,Oil,HA-Oil,y
188,PPN189,31881,UGA-SAM1-189,PI 603986,HA 390,NPGS,HA-Oil,PPN189,189,HA,Oil,HA-Oil,HA-Oil,
189,PPN190,31882,UGA-SAM1-190,PI 603988,RHA 392,NPGS,RHA-Oil,PPN190,190,RHA,Oil,RHA-Oil,RHA-Oil,
190,PPN191,31883,UGA-SAM1-191,PI 603989,RHA 408,NPGS,RHA-Oil,PPN191,191,RHA,Oil,RHA-Oil,RHA-Oil,
191,PPN192,31884,UGA-SAM1-192,PI 603990,RHA 409,NPGS,RHA-Oil,PPN192,192,RHA,Oil,RHA-Oil,RHA-Oil,
192,PPN193,31885,UGA-SAM1-193,PI 603991,HA 410,NPGS,HA-Oil,PPN193,193,HA,Oil,HA-Oil,HA-Oil,
193,PPN194,31886,UGA-SAM1-194,PI 607504,HA 413,NPGS,HA-Oil,PPN194,194,HA,Oil,HA-Oil,HA-Oil,
194,PPN195,31887,UGA-SAM1-195,PI 607508,RHA 418,NPGS,RHA-Oil,PPN195,195,RHA,Oil,RHA-Oil,RHA-Oil,
195,PPN196,31888,UGA-SAM1-196,PI 607509,HA-R6,NPGS,HA-NonOil,PPN196,196,HA,NonOil,HA-NonOil,HA-NonOil,
196,PPN197,31889,UGA-SAM1-197,PI 607511,HA-R8,NPGS,RHA-Oil,PPN197,197,RHA,Oil,HA-Oil,RHA-Oil,y
197,PPN198,31890,UGA-SAM1-198,PI 607922,R-190,NPGS,RHA-Oil,PPN198,198,RHA,Oil,RHA-Oil,RHA-Oil,
198,PPN199,31891,UGA-SAM1-199,PI 607925,R-206,NPGS,RHA-Oil,PPN199,199,RHA,Oil,RHA-Oil,RHA-Oil,
199,PPN200,31892,UGA-SAM1-200,PI 607928,IMISUN-2,NPGS,RHA-Oil,PPN200,200,RHA,Oil,Oil,RHA-Oil,y
200,PPN201,31893,UGA-SAM1-201,PI 607929,IMISUN-3,NPGS,HA-NonOil   ,PPN201,201,HA,NonOil,NonOil,HA-NonOil,y
201,PPN202,31894,UGA-SAM1-202,PI 607930,IMISUN-4,NPGS,RHA-NonOil   ,PPN202,202,RHA,NonOil,NonOil,RHA-NonOil,y
202,PPN203,31895,UGA-SAM1-203,PI 617099,RHA 426,NPGS,RHA-Oil,PPN203,203,RHA,Oil,RHA-Oil,RHA-Oil,
203,PPN204,31896,UGA-SAM1-204,PI 617100,RHA 427,NPGS,RHA-Oil,PPN204,204,RHA,Oil,RHA-Oil,RHA-Oil,
204,PPN205,31897,UGA-SAM1-205,PI 618725,HA 421,NPGS,HA-Oil,PPN205,205,HA,Oil,HA-Oil,HA-Oil,
205,PPN206,31898,UGA-SAM1-206,PI 618726,HA 422,NPGS,HA-Oil,PPN206,206,HA,Oil,HA-Oil,HA-Oil,
206,PPN207,31899,UGA-SAM1-207,PI 619204,RHA 419,NPGS,RHA-Oil,PPN207,207,RHA,Oil,RHA-Oil,RHA-Oil,
207,PPN208,31900,UGA-SAM1-208,PI 619206,RHA 428,NPGS,RHA-Oil,PPN208,208,RHA,Oil,RHA-Oil,RHA-Oil,
208,PPN209,31901,UGA-SAM1-209,PI 632339,HA 430,NPGS,HA-Oil,PPN209,209,HA,Oil,HA-Oil,HA-Oil,
209,PPN210,31902,UGA-SAM1-210,PI 632340,HA 431,NPGS,HA-Oil,PPN210,210,HA,Oil,HA-Oil,HA-Oil,
210,PPN211,31903,UGA-SAM1-211,PI 632341,HA 432,NPGS,HA-Oil,PPN211,211,HA,Oil,HA-Oil,HA-Oil,
211,PPN212,31904,UGA-SAM1-212,PI 633744,HA 434,NPGS,HA-Oil,PPN212,212,HA,Oil,HA-Oil,HA-Oil,
212,PPN213,31905,UGA-SAM1-213,PI 633745,HA 435,NPGS,HA-Oil,PPN213,213,HA,Oil,HA-Oil,HA-Oil,
213,PPN214,31906,UGA-SAM1-214,PI 639162,RHA 439,NPGS,RHA-Oil,PPN214,214,RHA,Oil,RHA-Oil,RHA-Oil,
214,PPN215,31907,UGA-SAM1-215,PI 639163,RHA 440,NPGS,RHA-Oil,PPN215,215,RHA,Oil,RHA-Oil,RHA-Oil,
215,PPN216,31908,UGA-SAM1-216,PI 639164,HA 441,NPGS,HA-Oil,PPN216,216,HA,Oil,HA-Oil,HA-Oil,
216,PPN217,31909,UGA-SAM1-217,PI 639166,RHA 443,NPGS,RHA-Oil,PPN217,217,RHA,Oil,RHA-Oil,RHA-Oil,
217,PPN218,31910,UGA-SAM1-218,PI 649793,1972 R-Line Composite,NPGS,RHA-Oil,PPN218,218,RHA,Oil,RHA-NonOil,RHA-Oil,y
218,PPN219,31911,UGA-SAM1-219,PI 650358,HA 1,NPGS,HA-NonOil,PPN219,219,HA,NonOil,HA-NonOil,HA-NonOil,
219,PPN220,31912,UGA-SAM1-220,PI 650361,HA 15,NPGS,HA-NonOil,PPN220,220,HA,NonOil,HA-NonOil,HA-NonOil,
220,PPN221,31913,UGA-SAM1-221,PI 650571,HA 66,NPGS,HA-NonOil,PPN221,221,HA,NonOil,HA-NonOil,HA-NonOil,
221,PPN222,31914,UGA-SAM1-222,PI 650586,HA 211,NPGS,HA-NonOil,PPN222,222,HA,NonOil,HA-NonOil,HA-NonOil,
222,PPN223,31915,UGA-SAM1-223,PI 650594,HA 243,NPGS,HA-NonOil,PPN223,223,HA,NonOil,HA-NonOil,HA-NonOil,
223,PPN224,31916,UGA-SAM1-224,PI 650597,HA 248,NPGS,HA-NonOil,PPN224,224,HA,NonOil,HA-NonOil,HA-NonOil,
224,PPN225,31917,UGA-SAM1-225,PI 650603,HA 253,NPGS,HA-NonOil,PPN225,225,HA,NonOil,HA-NonOil,HA-NonOil,
225,PPN226,31918,UGA-SAM1-226,PI 650605,HA 259,NPGS,HA-NonOil,PPN226,226,HA,NonOil,HA-NonOil,HA-NonOil,
226,PPN227,31919,UGA-SAM1-227,PI 650753,HA-R2,NPGS,HA-Oil,PPN227,227,HA,Oil,HA-Oil,HA-Oil,
227,PPN228,31920,UGA-SAM1-228,PI 650755,HA-R4,NPGS,HA-Oil,PPN228,228,HA,Oil,HA-Oil,HA-Oil,
228,PPN229,31921,UGA-SAM1-229,PI 650842,Sep. from HA GERMPLASM POOL VII HMO BULK,NPGS,NonOil introgressed,PPN229,229,introgressed,NonOil,introgressed,introgressed,
229,PPN230,31922,UGA-SAM1-230,PI 664208,RHA 334,NPGS,RHA-NonOil,PPN230,230,RHA,NonOil,RHA-NonOil,RHA-NonOil,
230,PPN231,31923,UGA-SAM1-231,PI 509051,HA 341,NPGS,HA-Oil,PPN231,231,HA,Oil,HA-Oil,HA-Oil,
231,PPN232,31924,UGA-SAM1-232,PI 534654,RHA 368,NPGS,RHA-Oil,PPN232,232,RHA,Oil,RHA-Oil,RHA-Oil,
232,PPN233,31925,UGA-SAM1-233,PI 561919,HA 379,NPGS,HA-Oil,PPN233,233,HA,Oil,HA-NonOil,HA-Oil,y
233,PPN234,31926,UGA-SAM1-234,PI 664176,HA GERMPLASM POOL V-1J,NPGS,NonOil introgressed,PPN234,234,introgressed,NonOil,introgressed,introgressed,
234,PPN235,31927,UGA-SAM1-235,PI 664189,ND-NONOIL 1,NPGS,HA-NonOil,PPN235,235,HA,NonOil,NonOil,HA-NonOil,y
235,PPN236,31928,UGA-SAM1-236,PI 664197,ND-NONOIL M1,NPGS,HA-NonOil,PPN236,236,HA,NonOil,NonOil,HA-NonOil,y
236,PPN237,31929,UGA-SAM1-237,PI 664202,RHA 328,NPGS,RHA-NonOil,PPN237,237,RHA,NonOil,RHA-NonOil,RHA-NonOil,
237,PPN238,31930,UGA-SAM1-238,PI 664214,ND-RLOS,NPGS,RHA-Oil,PPN238,238,RHA,Oil,Oil,RHA-Oil,y
238,PPN239,31931,UGA-SAM1-239,PI 664220,RHA 859,NPGS,RHA-Oil,PPN239,239,RHA,Oil,RHA-Oil,RHA-Oil,
239,PPN240,31932,UGA-SAM1-240,PI 664225,HA 316,NPGS,HA-NonOil,PPN240,240,HA,NonOil,HA-NonOil,HA-NonOil,
240,PPN241,31933,UGA-SAM1-241,PI 509053,HA 343,NPGS,HA-Oil,PPN241,241,HA,Oil,HA-Oil,HA-Oil,
241,PPN242,31934,UGA-SAM1-242,PI 509065,RHA 355,NPGS,RHA-NonOil,PPN242,242,RHA,NonOil,RHA-NonOil,RHA-NonOil,
242,PPN243,31935,UGA-SAM1-243,PI 534652,RHA 366,NPGS,RHA-Oil,PPN243,243,RHA,Oil,RHA-Oil,RHA-Oil,
243,PPN244,31936,UGA-SAM1-244,PI 534658,HA 372,NPGS,HA-Oil,PPN244,244,HA,Oil,HA-Oil,HA-Oil,
244,PPN245,31937,UGA-SAM1-245,PI 549002,HA GERMPLASM POOL III-H,NPGS,Oil introgressed,PPN245,245,introgressed,Oil,introgressed,introgressed,
245,PPN246,31938,UGA-SAM1-246,PI 549014,HA GERMPLASM POOL III-T,NPGS,Oil introgressed,PPN246,246,introgressed,Oil,introgressed,introgressed,
246,PPN247,31939,UGA-SAM1-247,PI 552939,HA 301,NPGS,HA-Oil,PPN247,247,HA,Oil,HA-Oil,HA-Oil,
247,PPN248,31940,UGA-SAM1-248,PI 552944,RHA 282,NPGS,RHA-NonOil,PPN248,248,RHA,NonOil,RHA-NonOil,RHA-NonOil,
248,PPN249,31941,UGA-SAM1-249,PI 597366,HA 402,NPGS,HA-Oil,PPN249,249,HA,Oil,HA-Oil,HA-Oil,
249,PPN250,31942,UGA-SAM1-250,PI 599762,RHA 278,NPGS,RHA-Oil,PPN250,250,RHA,Oil,RHA-Oil,RHA-Oil,
250,PPN251,31943,UGA-SAM1-251,PI 607506,RHA 415,NPGS,RHA-Oil,RHA415-4_PPN251,251,RHA,Oil,RHA-Oil,RHA-Oil,
251,PPN252,31944,UGA-SAM1-252,PI 618727,HA 423,NPGS,HA-Oil,PPN252,252,HA,Oil,HA-Oil,HA-Oil,
252,PPN253,31945,UGA-SAM1-253,PI 650359,HA 1,NPGS,HA-NonOil,PPN253,253,HA,NonOil,HA-NonOil,HA-NonOil,
253,PPN254,31946,UGA-SAM1-254,SF_145,INRA line SF_145,INRA,HA,PPN254,254,HA,Oil,INRA-HA,HA-Oil,
254,PPN255,31947,UGA-SAM1-255,PI 650794,Manchurian,NPGS,NonOil   ,PPN255,255,OPV,NonOil,OPV/landrace,landrace_OPV,
255,PPN256,31948,UGA-SAM1-256,SF_281,INRA line SF_281,INRA,RHA,PPN256,256,RHA,Oil,INRA-RHA,RHA-Oil,
256,PPN257,31949,UGA-SAM1-257,PI 650353,Guayacan,NPGS,NonOil   ,PPN257,257,OPV,NonOil,OPV/landrace,landrace_OPV,VIR101 in Mandel supplement?
257,PPN258,31950,UGA-SAM1-258,SF_179,INRA line SF_179,INRA,HA,PPN258,258,HA,Oil,INRA-HA,HA-Oil,
258,PPN259,31951,UGA-SAM1-259,SF_092,INRA line SF_092,INRA,HA,PPN259,259,HA,Oil,INRA-HA,HA-Oil,
259,PPN260,31952,UGA-SAM1-260,PI 650541,Charata,NPGS,NonOil   ,PPN260,260,OPV,NonOil,OPV/landrace,landrace_OPV,
260,PPN261,31953,UGA-SAM1-261,SF_193,INRA line SF_193,INRA,HA,PPN261,261,HA,Oil,INRA-HA,HA-Oil,
261,PPN262,31954,UGA-SAM1-262,SF_230,INRA line SF_230,INRA,HA,PPN262,262,HA,Oil,INRA-HA,HA-Oil,
262,PPN263,31955,UGA-SAM1-263,SF_232,INRA line SF_232,INRA,HA,PPN263,263,HA,Oil,INRA-HA,HA-Oil,
263,PPN264,31956,UGA-SAM1-264,SF_233,INRA line SF_233,INRA,HA,PPN264,264,HA,Oil,INRA-HA,HA-Oil,
264,PPN265,31957,UGA-SAM1-265,PI 664149,Hemus,NPGS,NonOil   ,PPN265,265,OPV,NonOil,OPV/landrace,landrace_OPV,
265,PPN266,31958,UGA-SAM1-266,SF_293,INRA line SF_293,INRA,RHA,PPN266,266,RHA,Oil,INRA-RHA,RHA-Oil,
266,PPN267,31959,UGA-SAM1-267,SF_009,INRA line SF_009,INRA,HA,PPN267,267,HA,Oil,INRA-HA,HA-Oil,
267,PPN268,31960,UGA-SAM1-268,SF_063,INRA line SF_063,INRA,HA,PPN268,268,HA,Oil,INRA-HA,HA-Oil,
268,PPN269,31961,UGA-SAM1-269,SF_210,INRA line SF_210,INRA,HA,PPN269,269,HA,Oil,INRA-HA,HA-Oil,
269,PPN270,31962,UGA-SAM1-270,SF_060,INRA line SF_060,INRA,HA,PPN270,270,HA,Oil,INRA-HA,HA-Oil,
270,PPN271,31963,UGA-SAM1-271,SF_296,INRA line SF_296,INRA,RHA,PPN271,271,RHA,Oil,INRA-RHA,RHA-Oil,
271,PPN272,31964,UGA-SAM1-272,SF_035,INRA line SF_035,INRA,HA,NA,272,HA,Oil,INRA-HA,HA-Oil,
272,PPN273,31965,UGA-SAM1-273,SF_076,INRA line SF_076,INRA,HA,PPN273,273,HA,Oil,INRA-HA,HA-Oil,
273,PPN274,31966,UGA-SAM1-274,SF_280,INRA line SF_280,INRA,RHA,PPN274,274,RHA,Oil,INRA-RHA,RHA-Oil,
274,PPN275,31967,UGA-SAM1-275,SF_169,INRA line SF_169,INRA,HA,PPN275,275,HA,Oil,INRA-HA,HA-Oil,
275,PPN276,31968,UGA-SAM1-276,SF_306,INRA line SF_306,INRA,RHA,PPN276,276,RHA,Oil,INRA-RHA,RHA-Oil,
276,PPN277,31969,UGA-SAM1-277,PI 650437,Saturn,NPGS,NonOil   ,PPN277,277,OPV,NonOil,OPV/landrace,landrace_OPV,
277,PPN278,31970,UGA-SAM1-278,SF_295,INRA line SF_295,INRA,RHA,PPN278,278,RHA,Oil,INRA-RHA,RHA-Oil,
278,PPN279,31971,UGA-SAM1-279,SF_307,INRA line SF_307,INRA,RHA,PPN279,279,RHA,Oil,INRA-RHA,RHA-Oil,
279,PPN280,31972,UGA-SAM1-280,SF_322,INRA line SF_322,INRA,RHA,PPN280,280,RHA,Oil,INRA-RHA,RHA-Oil,
280,PPN281,31973,UGA-SAM1-281,SF_320,INRA line SF_320,INRA,RHA,PPN281,281,RHA,Oil,INRA-RHA,RHA-Oil,
281,PPN282,31974,UGA-SAM1-282,SF_075,INRA line SF_075,INRA,HA,PPN282,282,HA,Oil,INRA-HA,HA-Oil,
282,PPN283,31975,UGA-SAM1-283,SF_292,INRA line SF_292,INRA,RHA,PPN283,283,RHA,Oil,INRA-RHA,RHA-Oil,
283,PPN284,31976,UGA-SAM1-284,SF_070,INRA line SF_070,INRA,HA,PPN284,284,HA,Oil,INRA-HA,HA-Oil,
284,PPN285,31977,UGA-SAM1-285,PI 369359,HOPI,NPGS,landrace,Hopi_PPN285,285,landrace,NonOil,OPV/landrace,landrace_OPV,
285,PPN286,31978,UGA-SAM1-286,SF_023,INRA line SF_023,INRA,HA,PPN286,286,HA,Oil,INRA-HA,HA-Oil,
286,PPN287,31979,UGA-SAM1-287,SF_279,INRA line SF_279,INRA,RHA,PPN287,287,RHA,Oil,INRA-RHA,RHA-Oil,
287,PPN288,31980,UGA-SAM1-288,SF_323,INRA line SF_323,INRA,RHA,PPN288,288,RHA,Oil,INRA-RHA,RHA-Oil,
288,PPN289,31981,UGA-SAM1-289,PI 650601,HA 250,NPGS,HA-NonOil,PPN289,289,HA,NonOil,HA-NonOil,HA-NonOil,
289,PI_531071,NA,NA,PI 531071,RHA 358,USDA,RHA-Oil,PI_531071,NA,RHA,Oil,RHA-Oil,RHA-Oil,
290,SF_33,NA,NA,NA,NA,NA,HA,SF_33,NA,HA,Oil,INRA-HA,HA-Oil,