,PPN,Ames,UGA.SAM1.last.three.digits.PPN.,source.PI.or.INRA..,source.line.name,origin,type,Line,NumFiles,Concatenated..if.applicable.,Sequence.Encoding,Special_Notes,ProcessingGroup,PercHet_XRQ
2,PPN002,31695,UGA-SAM1-002,PI 664212,HA 853,NPGS,HA-Oil,PPN002,6,X,Sanger/Illumina 1.9,,1,12.98053165
8,PPN008,31701,UGA-SAM1-008,PI 552943,RHA 280,NPGS,RHA-NonOil,PPN008,2,,Illumina 1.5,seq files end in .txt.gz,1,10.2148791
33,PPN033,31726,UGA-SAM1-033,PI 633746,RHA 436,NPGS,RHA-Oil,PPN033,2,X,Sanger/Illumina 1.9,,1,11.40314279
42,PPN042,31735,UGA-SAM1-042,PI 599768,RHA 801,NPGS,RHA-Oil,PPN042,2,,Illumina 1.5,seq files end in .txt.gz,1,10.29090116
87,PPN088,31780,UGA-SAM1-088,PI 664179,HA GPP V-2,NPGS,NonOil introgressed,PPN088,6,X,Sanger/Illumina 1.9,,1,15.79703047
89,PPN090,31782,UGA-SAM1-090,PI 655009,HA 458,NPGS,HA-NonOil,PPN090,6,X,Sanger/Illumina 1.9,,1,9.581471947
164,PPN165,31857,UGA-SAM1-165,PI 599759,RHA 274,NPGS,RHA-Oil,PPN165,2,X,Sanger/Illumina 1.9,,1,13.58760868
177,PPN178,31870,UGA-SAM1-178,PI 599785,HA 822,NPGS,HA-Oil,PPN178,4,X,Sanger/Illumina 1.9,,1,9.958394005
187,PPN188,31880,UGA-SAM1-188,PI 600725,BRS-3,NPGS,Oil,PPN188,4,X,Sanger/Illumina 1.9,,1,13.13812761
202,PPN203,31895,UGA-SAM1-203,PI 617099,RHA 426,NPGS,RHA-Oil,PPN203,2,X,Sanger/Illumina 1.9,,1,12.35652418
1,PPN001,31694,UGA-SAM1-001,PI 664210,HA 851,NPGS,HA-Oil,PPN001,4,X,Sanger/Illumina 1.9,,2,10.76825148
3,PPN003,31696,UGA-SAM1-003,PI 664232,HA 323,NPGS,HA-NonOil,PPN003,2,X,Sanger/Illumina 1.9,,2,10.88643471
4,PPN004,31697,UGA-SAM1-004,PI 509061,HA 351,NPGS,HA-NonOil,PPN004,4,X,Sanger/Illumina 1.9,,2,12.586954
5,PPN005,31698,UGA-SAM1-005,PI 509062,HA 352,NPGS,HA-NonOil,PPN005,2,X,Sanger/Illumina 1.9,,2,11.82349032
6,PPN006,31699,UGA-SAM1-006,PI 552932,HA 286,NPGS,HA-NonOil,PPN006,2,X,Sanger/Illumina 1.9,,2,14.30539317
7,PPN007,31700,UGA-SAM1-007,PI 552940,HA 302,NPGS,HA-Oil,PPN007,2,X,Sanger/Illumina 1.9,,2,9.63138375
9,PPN009,31702,UGA-SAM1-009,PI 560144,RHA 376,NPGS,RHA-Oil,PPN009,6,X,Sanger/Illumina 1.9,,2,13.95507608
10,PPN010,31703,UGA-SAM1-010,PI 560145,RHA 377,NPGS,RHA-Oil,PPN010,2,X,Sanger/Illumina 1.9,,2,12.26379157
11,PPN011,31704,UGA-SAM1-011,PI 561920,HA 380,NPGS,HA-NonOil,PPN011,2,X,Sanger/Illumina 1.9,,2,7.180868169
13,PPN013,31706,UGA-SAM1-013,PI 578008,RHA 386,NPGS,RHA-Oil,PPN013,2,X,Sanger/Illumina 1.9,,2,12.72624531
14,PPN014,31707,UGA-SAM1-014,PI 578009,RHA 387,NPGS,RHA-Oil,PPN014,6,X,Sanger/Illumina 1.9,,2,12.51335058
15,PPN015,31708,UGA-SAM1-015,PI 578010,RHA 388,NPGS,RHA-Oil,PPN015,4,X,Sanger/Illumina 1.9,,2,11.45541826
16,PPN016,31709,UGA-SAM1-016,PI 578011,RHA 389,NPGS,RHA-Oil,PPN016,4,X,Sanger/Illumina 1.9,,2,13.06117109
17,PPN017,31710,UGA-SAM1-017,PI 578872,HA 383,NPGS,HA-Oil,PPN017,2,X,Sanger/Illumina 1.9,,2,11.00659682
18,PPN018,31711,UGA-SAM1-018,PI 578873,HA 384,NPGS,HA-Oil,PPN018,4,X,Sanger/Illumina 1.9,,2,10.09779525
19,PPN019,31712,UGA-SAM1-019,PI 597367,HA 403,NPGS,HA-Oil,PPN019,2,X,Sanger/Illumina 1.9,,2,19.17998427
20,PPN020,31713,UGA-SAM1-020,PI 597368,HA 404,NPGS,HA-Oil,PPN020,2,X,Sanger/Illumina 1.9,,2,11.1508903
21,PPN021,31714,UGA-SAM1-021,PI 597369,HA 405,NPGS,HA-Oil,PPN021,2,X,Sanger/Illumina 1.9,,2,8.904089635
23,PPN023,31716,UGA-SAM1-023,PI 597374,RHA 397,NPGS,RHA-Oil,PPN023,2,X,Sanger/Illumina 1.9,,2,12.38752667
24,PPN024,31717,UGA-SAM1-024,PI 599758,RHA 273,NPGS,RHA-Oil,PPN024,4,X,Sanger/Illumina 1.9,,2,15.09205374
25,PPN025,31718,UGA-SAM1-025,PI 599766,RHA 298,NPGS,RHA-Oil,PPN025,2,X,Sanger/Illumina 1.9,,2,11.8247546
26,PPN026,31719,UGA-SAM1-026,PI 599775,HA 124,NPGS,HA-Oil,PPN026,2,X,Sanger/Illumina 1.9,,2,10.21872693
27,PPN027,31720,UGA-SAM1-027,PI 599783,HA 314,NPGS,HA-NonOil,PPN027,2,X,Sanger/Illumina 1.9,,2,13.17198849
28,PPN028,31721,UGA-SAM1-028,PI 599976,HA 306,NPGS,HA-NonOil,PPN028,4,X,Sanger/Illumina 1.9,,2,22.53781726
29,PPN029,31722,UGA-SAM1-029,PI 599983,HA 313,NPGS,HA-NonOil,PPN029,4,X,Sanger/Illumina 1.9,,2,13.00521271
30,PPN030,31723,UGA-SAM1-030,PI 607920,R-185,NPGS,RHA-Oil,PPN030,4,X,Sanger/Illumina 1.9,,2,11.51896236
31,PPN031,31724,UGA-SAM1-031,PI 607921,R-188,NPGS,RHA-Oil,PPN031,4,X,Sanger/Illumina 1.9,,2,11.99570802
32,PPN032,31725,UGA-SAM1-032,PI 607923,R-201,NPGS,RHA-Oil,PPN032,2,X,Sanger/Illumina 1.9,,2,14.18946366
34,PPN034,31727,UGA-SAM1-034,PI 633747,RHA 437,NPGS,RHA-Oil,PPN034,2,X,Sanger/Illumina 1.9,,2,11.04892291
36,PPN036,31729,UGA-SAM1-036,PI 650579,HA 116,NPGS,HA-NonOil,PPN036,2,X,Sanger/Illumina 1.9,,2,11.93958473
37,PPN037,31730,UGA-SAM1-037,PI 650582,HA 133,NPGS,HA-NonOil,PPN037,4,X,Sanger/Illumina 1.9,,2,10.70327818
38,PPN038,31731,UGA-SAM1-038,PI 650612,HA 113,NPGS,HA-Oil,PPN038,4,X,Sanger/Illumina 1.9,,2,7.280691773
39,PPN039,31732,UGA-SAM1-039,PI 509060,HA 350,NPGS,HA-NonOil,PPN039,2,X,Sanger/Illumina 1.9,,2,12.83409438
40,PPN040,31733,UGA-SAM1-040,PI 534656,HA 370,NPGS,HA-Oil,PPN040,4,X,Sanger/Illumina 1.9,,2,10.69047042
41,PPN041,31734,UGA-SAM1-041,PI 543746,RGIG1,NPGS,RHA-NonOil,PPN041,4,X,Sanger/Illumina 1.9,,2,10.00583221
43,PPN043,31736,UGA-SAM1-043,PI 650754,HA-R3,NPGS,HA-Oil,PPN043,2,X,Sanger/Illumina 1.9,,2,13.67621862
44,PPN044,31737,UGA-SAM1-044,PI 650467,VK-47,NPGS,NonOil   ,PPN044,4,X,Sanger/Illumina 1.9,,2,15.50520034
45,PPN045,31738,UGA-SAM1-045,PI 664233,ND-BLPL2,NPGS,NonOil   ,PPN045,4,X,Sanger/Illumina 1.9,,2,10.88346639
46,PPN046,31739,UGA-SAM1-046,PI 600717,Mandan #1,NPGS,landrace,PPN046,2,X,Sanger/Illumina 1.9,,2,17.7316625
47,PPN047,31740,UGA-SAM1-047,PI 642771,HA 452,NPGS,HA-Oil,PPN047,4,X,Sanger/Illumina 1.9,,2,9.983294938
48,PPN048,31741,UGA-SAM1-048,PI 650817,Klein Casares,NPGS,NonOil   ,PPN048,4,X,Sanger/Illumina 1.9,,2,11.67793255
49,PPN049,31742,UGA-SAM1-049,PI 642774,RHA 455,NPGS,RHA-Oil,PPN049,4,X,Sanger/Illumina 1.9,,2,10.07311419
50,PPN050,31743,UGA-SAM1-050,PI 642775,HA 456,NPGS,HA-Oil,PPN050,2,X,Sanger/Illumina 1.9,,2,11.63808007
51,PPN051,31744,UGA-SAM1-051,PI 340790,USSR VNIIMK 8931 '66,NPGS,NonOil   ,PPN051,4,X,Sanger/Illumina 1.9,,2,15.6907755
52,PPN052,31745,UGA-SAM1-052,PI 642776,HA 457,NPGS,HA-NonOil,PPN052,4,X,Sanger/Illumina 1.9,,2,10.78721576
54,PPN054,31747,UGA-SAM1-054,PI 655014,RHA 463,NPGS,RHA-NonOil,PPN054,2,X,Sanger/Illumina 1.9,,2,13.1289478
55,PPN055,31748,UGA-SAM1-055,PI 655015,RHA 464,NPGS,RHA-NonOil,PPN055,4,X,Sanger/Illumina 1.9,,2,11.84278442
56,PPN056,31749,UGA-SAM1-056,PI 664200,RHA 324,NPGS,RHA-NonOil,PPN056,2,X,Sanger/Illumina 1.9,,2,13.32908973
135,PPN136,31828,UGA-SAM1-136,PI 560141,RHA 373,NPGS,RHA-Oil,NMS373_PPN136,4,X,Sanger/Illumina 1.9,,2,15.96364134
284,PPN285,31977,UGA-SAM1-285,PI 369359,HOPI,NPGS,landrace,Hopi_PPN285,2,X,Sanger/Illumina 1.9,,2,21.74620948
58,PPN058,31751,UGA-SAM1-058,PI 664222,ND-ERLYS,NPGS,Oil,PPN058,2,X,Sanger/Illumina 1.9,,3,16.37640315
59,PPN059,31752,UGA-SAM1-059,PI 509059,HA 349,NPGS,HA-NonOil,PPN059,4,X,Sanger/Illumina 1.9,,3,11.05326546
61,PPN061,31754,UGA-SAM1-061,PI 534650,RHA 364,NPGS,RHA-Oil,PPN061,4,X,Sanger/Illumina 1.9,,3,11.28556422
62,PPN062,31755,UGA-SAM1-062,PI 534657,HA 371,NPGS,HA-Oil,PPN062,2,X,Sanger/Illumina 1.9,,3,9.901501147
63,PPN063,31756,UGA-SAM1-063,PI 549001,HA GERMPLASM POOL III-G,NPGS,Oil introgressed,PPN063,2,X,Sanger/Illumina 1.9,,3,11.69497293
64,PPN064,31757,UGA-SAM1-064,PI 549011,HA GERMPLASM POOL III-Q,NPGS,Oil introgressed,PPN064,4,X,Sanger/Illumina 1.9,,3,13.9909708
65,PPN065,31758,UGA-SAM1-065,PI 552931,RHA 296,NPGS,RHA-Oil,PPN065,4,X,Sanger/Illumina 1.9,,3,14.52010187
66,PPN066,31759,UGA-SAM1-066,PI 552948,DM-3,NPGS,Oil,PPN066,2,X,Sanger/Illumina 1.9,,3,11.70497727
67,PPN067,31760,UGA-SAM1-067,PI 561918,HA 378,NPGS,HA-Oil,PPN067,4,X,Sanger/Illumina 1.9,,3,11.23240925
69,PPN069,31762,UGA-SAM1-069,PI 639165,HA 442,NPGS,HA-Oil,PPN069,2,X,Sanger/Illumina 1.9,,3,10.05772289
70,PPN070,31763,UGA-SAM1-070,PI 599780,HA 285,NPGS,HA-NonOil,PPN070,2,X,Sanger/Illumina 1.9,,3,13.75482421
71,PPN071,31764,UGA-SAM1-071,PI 599781,HA 289,NPGS,HA-Oil,PPN071,2,X,Sanger/Illumina 1.9,,3,24.57694525
72,PPN072,31765,UGA-SAM1-072,PI 599980,RHA 309,NPGS,RHA-NonOil,PPN072,2,X,Sanger/Illumina 1.9,,3,13.47684626
73,PPN073,31766,UGA-SAM1-073,PI 601368,PHA009,NPGS,NonOil   ,PPN073,4,X,Sanger/Illumina 1.9,,3,10.55051948
74,PPN074,31767,UGA-SAM1-074,PI 650588,HA 228,NPGS,HA-NonOil,PPN074,2,X,Sanger/Illumina 1.9,,3,11.79468659
75,PPN075,31768,UGA-SAM1-075,PI 664168,HA GERMPLASM POOL I,NPGS,NonOil introgressed,PPN075,6,X,Sanger/Illumina 1.9,,3,22.20454054
76,PPN076,31769,UGA-SAM1-076,PI 599982,HA 312,NPGS,HA-NonOil,PPN076,6,X,Sanger/Illumina 1.9,,3,12.9416686
77,PPN077,31770,UGA-SAM1-077,PI 664209,HA 850,NPGS,HA-Oil,PPN077,4,X,Sanger/Illumina 1.9,,3,11.68964094
78,PPN078,31771,UGA-SAM1-078,PI 664231,HA 322,NPGS,HA-NonOil,PPN078,2,X,Sanger/Illumina 1.9,,3,13.20271613
79,PPN079,31772,UGA-SAM1-079,PI 548996,HA GERMPLASM POOL III-B,NPGS,Oil introgressed,PPN079,6,X,Sanger/Illumina 1.9,,3,20.74632436
80,PPN080,31773,UGA-SAM1-080,PI 552933,HA 287,NPGS,HA-NonOil,PPN080,6,X,Sanger/Illumina 1.9,,3,15.98222084
81,PPN081,31774,UGA-SAM1-081,PI 560143,RHA 375,NPGS,RHA-Oil,PPN081,6,X,Sanger/Illumina 1.9,,3,13.45073601
82,PPN082,31775,UGA-SAM1-082,PI 664193,ND-NONOIL B2,NPGS,NonOil   ,PPN082,2,X,Sanger/Illumina 1.9,,3,13.8913121
83,PPN083,31776,UGA-SAM1-083,PI 432504,Hopi dye,NPGS,landrace,PPN083,4,X,Sanger/Illumina 1.9,,3,12.99267979
84,PPN084,31777,UGA-SAM1-084,PI 664169,HA GERMPLASM POOL II,NPGS,NonOil introgressed,PPN084,4,X,Sanger/Illumina 1.9,,3,14.57138789
85,PPN086,31778,UGA-SAM1-086,PI 664175,HA GERMPLASM POOL V-1I,NPGS,NonOil introgressed,PPN086,6,X,Sanger/Illumina 1.9,,3,19.76309484
86,PPN087,31779,UGA-SAM1-087,PI 664177,HA GERMPLASM POOL V-1K,NPGS,NonOil introgressed,PPN087,6,X,Sanger/Illumina 1.9,,3,15.29824226
88,PPN089,31781,UGA-SAM1-089,PI 664190,ND-NONOIL 2,NPGS,NonOil   ,PPN089,8,X,Sanger/Illumina 1.9,,3,19.55663148
90,PPN091,31783,UGA-SAM1-091,PI 664191,ND-NONOIL 3,NPGS,NonOil   ,PPN091,2,X,Sanger/Illumina 1.9,,3,12.73888817
91,PPN092,31784,UGA-SAM1-092,PI 664194,ND-NONOIL B3,NPGS,NonOil   ,PPN092,4,X,Sanger/Illumina 1.9,,3,13.86613633
92,PPN093,31785,UGA-SAM1-093,PI 386230,VIR 847,NPGS,NonOil   ,PPN093,2,X,Sanger/Illumina 1.9,,3,21.95602594
93,PPN094,31786,UGA-SAM1-094,PI 476853,Mammoth,NPGS,NonOil   ,PPN094,2,X,Sanger/Illumina 1.9,,3,20.64567623
94,PPN095,31787,UGA-SAM1-095,PI 664196,ND-NONOIL B5,NPGS,NonOil   ,PPN095,6,X,Sanger/Illumina 1.9,,3,13.57507576
95,PPN096,31788,UGA-SAM1-096,PI 655013,RHA 462,NPGS,RHA-Oil,PPN096,2,X,Sanger/Illumina 1.9,,3,13.76752204
96,PPN097,31789,UGA-SAM1-097,PI 664199,ND-NONOIL M3,NPGS,NonOil   ,PPN097,4,X,Sanger/Illumina 1.9,,3,13.47112949
97,PPN098,31790,UGA-SAM1-098,PI 664201,RHA 326,NPGS,RHA-NonOil,PPN098,6,X,Sanger/Illumina 1.9,,3,15.24855033
98,PPN099,31791,UGA-SAM1-099,PI 664203,RHA 329,NPGS,RHA-NonOil,PPN099,4,X,Sanger/Illumina 1.9,,3,14.10156832
99,PPN100,31792,UGA-SAM1-100,PI 664204,RHA 330,NPGS,RHA-NonOil,PPN100,6,X,Sanger/Illumina 1.9,,3,14.25201832
100,PPN101,31793,UGA-SAM1-101,PI 664205,RHA 331,NPGS,RHA-NonOil,PPN101,4,X,Sanger/Illumina 1.9,,3,14.89614442
101,PPN102,31794,UGA-SAM1-102,PI 664206,RHA 332,NPGS,RHA-NonOil,PPN102,6,X,Sanger/Illumina 1.9,,3,15.62387829
102,PPN103,31795,UGA-SAM1-103,PI 664207,RHA 333,NPGS,RHA-NonOil,PPN103,6,X,Sanger/Illumina 1.9,,3,12.52780742
103,PPN104,31796,UGA-SAM1-104,PI 664211,HA 852,NPGS,HA-Oil,PPN104,4,X,Sanger/Illumina 1.9,,3,9.778920399
104,PPN105,31797,UGA-SAM1-105,PI 664213,ND-BLOS,NPGS,Oil,PPN105,4,X,Sanger/Illumina 1.9,,3,11.75038162
105,PPN106,31798,UGA-SAM1-106,PI 664215,RHA 854,NPGS,RHA-Oil,PPN106,2,X,Sanger/Illumina 1.9,,3,12.60229034
106,PPN107,31799,UGA-SAM1-107,PI 664218,RHA 857,NPGS,RHA-Oil,PPN107,2,X,Sanger/Illumina 1.9,,3,13.15148507
107,PPN108,31800,UGA-SAM1-108,PI 664219,RHA 858,NPGS,RHA-Oil,PPN108,4,X,Sanger/Illumina 1.9,,3,12.5619981
108,PPN109,31801,UGA-SAM1-109,PI 664221,ND-EBLYS,NPGS,Oil,PPN109,4,X,Sanger/Illumina 1.9,,3,12.91368941
109,PPN110,31802,UGA-SAM1-110,PI 664227,HA 318,NPGS,HA-NonOil,PPN110,4,X,Sanger/Illumina 1.9,,3,13.14615308
110,PPN111,31803,UGA-SAM1-111,PI 664228,HA 319,NPGS,HA-NonOil,PPN111,2,X,Sanger/Illumina 1.9,,3,13.89801831
111,PPN112,31804,UGA-SAM1-112,PI 664229,HA 320,NPGS,HA-NonOil,PPN112,4,X,Sanger/Illumina 1.9,,3,13.18897389
112,PPN113,31805,UGA-SAM1-113,PI 664230,HA 321,NPGS,HA-NonOil,PPN113,2,X,Sanger/Illumina 1.9,,4,12.7420214
113,PPN114,31806,UGA-SAM1-114,PI 664234,RHA 325,NPGS,RHA-NonOil,PPN114,4,X,Sanger/Illumina 1.9,,4,12.89329593
114,PPN115,31807,UGA-SAM1-115,PI 509057,RHA 347,NPGS,RHA-Oil,PPN115,4,X,Sanger/Illumina 1.9,,4,12.20876766
115,PPN116,31808,UGA-SAM1-116,PI 509063,HA 353,NPGS,HA-NonOil,PPN116,4,X,Sanger/Illumina 1.9,,4,13.09261333
116,PPN117,31809,UGA-SAM1-117,PI 509064,RHA 354,NPGS,RHA-NonOil,PPN117,2,X,Sanger/Illumina 1.9,,4,14.41857423
117,PPN118,31810,UGA-SAM1-118,PI 531074,RHA 361,NPGS,RHA-Oil,PPN118,2,X,Sanger/Illumina 1.9,,4,14.77213448
118,PPN119,31811,UGA-SAM1-119,PI 531075,RHA 362,NPGS,RHA-NonOil,PPN119,2,X,Sanger/Illumina 1.9,,4,12.20909747
119,PPN120,31812,UGA-SAM1-120,PI 534649,RHA 363,NPGS,RHA-Oil,PPN120,2,X,Sanger/Illumina 1.9,,4,19.70746627
120,PPN121,31813,UGA-SAM1-121,PI 534653,RHA 367,NPGS,RHA-Oil,PPN121,4,X,Sanger/Illumina 1.9,,4,11.40671578
121,PPN122,31814,UGA-SAM1-122,PI 543745,RPET2,NPGS,RHA-NonOil,PPN122,4,X,Sanger/Illumina 1.9,,4,10.71069899
122,PPN123,31815,UGA-SAM1-123,PI 548997,HA GERMPLASM POOL III-C,NPGS,Oil introgressed,PPN123,4,X,Sanger/Illumina 1.9,,4,15.23766648
123,PPN124,31816,UGA-SAM1-124,PI 548998,HA GERMPLASM POOL III-D,NPGS,Oil introgressed,PPN124,6,X,Sanger/Illumina 1.9,,4,14.83023666
124,PPN125,31817,UGA-SAM1-125,PI 549003,HA GERMPLASM POOL III-I,NPGS,Oil introgressed,PPN125,4,X,Sanger/Illumina 1.9,,4,21.48153401
125,PPN126,31818,UGA-SAM1-126,PI 549006,HA GERMPLASM POOL III-L,NPGS,Oil introgressed,PPN126,4,X,Sanger/Illumina 1.9,,4,13.27247172
126,PPN127,31819,UGA-SAM1-127,PI 549009,HA GERMPLASM POOL III-O,NPGS,Oil introgressed,PPN127,4,X,Sanger/Illumina 1.9,,4,19.48517185
127,PPN128,31820,UGA-SAM1-128,PI 549015,HA GERMPLASM POOL III-U,NPGS,Oil introgressed,PPN128,4,X,Sanger/Illumina 1.9,,4,16.40119415
128,PPN129,31821,UGA-SAM1-129,PI 552934,HA 288,NPGS,HA-NonOil,PPN129,6,X,Sanger/Illumina 1.9,,4,13.86113415
129,PPN130,31822,UGA-SAM1-130,PI 552935,HA 290,NPGS,HA-Oil,PPN130,4,X,Sanger/Illumina 1.9,,4,11.83640802
130,PPN131,31823,UGA-SAM1-131,PI 552936,HA 291,NPGS,HA-Oil,PPN131,4,X,Sanger/Illumina 1.9,,4,12.65989779
131,PPN132,31824,UGA-SAM1-132,PI 552937,HA 292,NPGS,HA-NonOil,PPN132,4,X,Sanger/Illumina 1.9,,4,11.81458535
132,PPN133,31825,UGA-SAM1-133,PI 552938,HA 300,NPGS,HA-Oil,PPN133,2,X,Sanger/Illumina 1.9,,4,9.927171644
133,PPN134,31826,UGA-SAM1-134,PI 552942,HA 305,NPGS,HA-NonOil,PPN134,2,X,Sanger/Illumina 1.9,,4,13.25383724
134,PPN135,31827,UGA-SAM1-135,PI 552947,DM-2,NPGS,Oil,PPN135,6,X,Sanger/Illumina 1.9,,4,9.001714481
136,PPN137,31829,UGA-SAM1-137,PI 560142,RHA 374,NPGS,RHA-Oil,PPN137,4,X,Sanger/Illumina 1.9,,4,9.915243383
137,PPN138,31830,UGA-SAM1-138,PI 578874,HA 385,NPGS,HA-Oil,PPN138,2,X,Sanger/Illumina 1.9,,4,9.706471329
138,PPN139,31831,UGA-SAM1-139,PI 597364,HA 393,NPGS,HA-Oil,PPN139,2,X,Sanger/Illumina 1.9,,4,8.886444603
139,PPN140,31832,UGA-SAM1-140,PI 597365,HA 394,NPGS,HA-Oil,PPN140,4,X,Sanger/Illumina 1.9,,4,8.678277207
140,PPN141,31833,UGA-SAM1-141,PI 597370,HA 406,NPGS,HA-Oil,PPN141,2,X,Sanger/Illumina 1.9,,4,6.988696736
141,PPN142,31834,UGA-SAM1-142,PI 597375,RHA 398,NPGS,RHA-Oil,PPN142,4,X,Sanger/Illumina 1.9,,4,12.79589096
142,PPN143,31835,UGA-SAM1-143,PI 599757,RHA 270,NPGS,RHA-Oil,PPN143,4,X,Sanger/Illumina 1.9,,4,11.67391982
143,PPN144,31836,UGA-SAM1-144,PI 599770,HA 60,NPGS,HA-Oil,PPN144,4,X,Sanger/Illumina 1.9,,4,14.02004937
144,PPN145,31837,UGA-SAM1-145,PI 599779,HA 277,NPGS,HA-Oil,PPN145,4,X,Sanger/Illumina 1.9,,4,10.46135985
145,PPN146,31838,UGA-SAM1-146,PI 599788,RHA 293,NPGS,RHA-NonOil,PPN146,6,X,Sanger/Illumina 1.9,,4,14.33293261
146,PPN147,31839,UGA-SAM1-147,PI 599978,HA 308,NPGS,HA-NonOil,PPN147,2,X,Sanger/Illumina 1.9,,4,12.52544375
147,PPN148,31840,UGA-SAM1-148,PI 603987,RHA 391,NPGS,RHA-Oil,PPN148,4,X,Sanger/Illumina 1.9,,4,7.164377485
148,PPN149,31841,UGA-SAM1-149,PI 607510,HA-R7,NPGS,HA-NonOil,PPN149,4,X,Sanger/Illumina 1.9,,4,16.30323948
149,PPN150,31842,UGA-SAM1-150,PI 607927,IMISUN-1,NPGS,Oil,PPN150,4,X,Sanger/Illumina 1.9,,4,9.177725044
150,PPN151,31843,UGA-SAM1-151,PI 617098,HA 425,NPGS,HA-Oil,PPN151,6,X,Sanger/Illumina 1.9,,4,7.511176561
151,PPN152,31844,UGA-SAM1-152,PI 632338,HA 429,NPGS,HA-Oil,PPN152,4,X,Sanger/Illumina 1.9,,4,10.39699122
152,PPN153,31845,UGA-SAM1-153,PI 632342,HA 433,NPGS,HA-Oil,PPN153,2,X,Sanger/Illumina 1.9,,4,10.17128873
153,PPN154,31846,UGA-SAM1-154,PI 633748,RHA 438,NPGS,RHA-Oil,PPN154,4,X,Sanger/Illumina 1.9,,4,11.15622229
154,PPN155,31847,UGA-SAM1-155,PI 639169,HA 446,NPGS,HA-Oil,PPN155,4,X,Sanger/Illumina 1.9,,4,9.38435331
155,PPN156,31848,UGA-SAM1-156,PI 650570,HA 65,NPGS,HA-NonOil,PPN156,4,X,Sanger/Illumina 1.9,,4,10.57162756
156,PPN157,31849,UGA-SAM1-157,PI 650592,HA 236,NPGS,HA-NonOil,PPN157,4,X,Sanger/Illumina 1.9,,4,12.24658629
157,PPN158,31850,UGA-SAM1-158,PI 650599,HA 249,NPGS,HA-NonOil,PPN158,4,X,Sanger/Illumina 1.9,,4,10.43327072
158,PPN159,31851,UGA-SAM1-159,PI 650763,HA-R5,NPGS,HA-Oil,PPN159,2,X,Sanger/Illumina 1.9,,4,11.70178907
159,PPN160,31852,UGA-SAM1-160,PI 597371,HA 407,NPGS,HA-Oil,PPN160,4,X,Sanger/Illumina 1.9,,4,10.36917693
160,PPN161,31853,UGA-SAM1-161,PI 597372,RHA 395,NPGS,RHA-Oil,PPN161,6,X,Sanger/Illumina 1.9,,4,13.32617638
161,PPN162,31854,UGA-SAM1-162,PI 597376,RHA 399,NPGS,RHA-Oil,PPN162,4,X,Sanger/Illumina 1.9,,4,13.01235867
162,PPN163,31855,UGA-SAM1-163,PI 597377,RHA 400,NPGS,RHA-Oil,PPN163,2,X,Sanger/Illumina 1.9,,4,12.71398723
163,PPN164,31856,UGA-SAM1-164,PI 597378,RHA 401,NPGS,RHA-Oil,PPN164,2,X,Sanger/Illumina 1.9,,5,12.90670836
165,PPN166,31858,UGA-SAM1-166,PI 599763,RHA 279,NPGS,RHA-Oil,PPN166,2,X,Sanger/Illumina 1.9,,5,12.98685308
167,PPN168,31860,UGA-SAM1-168,PI 599765,RHA 297,NPGS,RHA-Oil,PPN168,4,X,Sanger/Illumina 1.9,,5,12.89532978
168,PPN169,31861,UGA-SAM1-169,PI 599767,RHA 299,NPGS,RHA-Oil,PPN169,2,X,Sanger/Illumina 1.9,,5,9.850819779
169,PPN170,31862,UGA-SAM1-170,PI 599769,HA 8,NPGS,HA-NonOil,PPN170,2,X,Sanger/Illumina 1.9,,5,13.4457888
170,PPN171,31863,UGA-SAM1-171,PI 599771,HA 61,NPGS,HA-Oil,PPN171,2,X,Sanger/Illumina 1.9,,5,15.87942892
171,PPN172,31864,UGA-SAM1-172,PI 599772,HA 64,NPGS,HA-Oil,PPN172,2,X,Sanger/Illumina 1.9,,5,9.918981272
172,PPN173,31865,UGA-SAM1-173,PI 599773,HA 89,NPGS,HA-Oil,PPN173,2,X,Sanger/Illumina 1.9,,5,7.545202338
173,PPN174,31866,UGA-SAM1-174,PI 599774,HA 99,NPGS,HA-Oil,PPN174,4,X,Sanger/Illumina 1.9,,5,7.557900164
175,PPN176,31868,UGA-SAM1-176,PI 599778,HA 234,NPGS,HA-Oil,PPN176,2,X,Sanger/Illumina 1.9,,5,11.54826081
176,PPN177,31869,UGA-SAM1-177,PI 599782,HA 304,NPGS,HA-NonOil,PPN177,4,X,Sanger/Illumina 1.9,,5,12.99224003
178,PPN179,31871,UGA-SAM1-179,PI 599786,RHA 271,NPGS,RHA-Oil,PPN179,2,X,Sanger/Illumina 1.9,,5,11.813431
179,PPN180,31872,UGA-SAM1-180,PI 599787,RHA 272,NPGS,RHA-Oil,PPN180,4,X,Sanger/Illumina 1.9,,5,13.834859
180,PPN181,31873,UGA-SAM1-181,PI 599789,RHA 311,NPGS,RHA-NonOil,PPN181,2,X,Sanger/Illumina 1.9,,5,14.89026275
181,PPN182,31874,UGA-SAM1-182,PI 599977,HA 307,NPGS,HA-NonOil,PPN182,2,X,Sanger/Illumina 1.9,,5,11.45668255
182,PPN183,31875,UGA-SAM1-183,PI 599979,HA 207,NPGS,HA-NonOil,PPN183,2,X,Sanger/Illumina 1.9,,5,11.35312105
183,PPN184,31876,UGA-SAM1-184,PI 599981,RHA 310,NPGS,RHA-NonOil,PPN184,2,X,Sanger/Illumina 1.9,,5,15.34122797
184,PPN185,31877,UGA-SAM1-185,PI 599984,HA 821,NPGS,HA-Oil,PPN185,2,X,Sanger/Illumina 1.9,,5,10.51599899
185,PPN186,31878,UGA-SAM1-186,PI 600000,RHA 417,NPGS,RHA-Oil,PPN186,4,X,Sanger/Illumina 1.9,,5,11.01682105
186,PPN187,31879,UGA-SAM1-187,PI 600723,BRS-1,NPGS,Oil,PPN187,2,X,Sanger/Illumina 1.9,,5,16.69016589
188,PPN189,31881,UGA-SAM1-189,PI 603986,HA 390,NPGS,HA-Oil,PPN189,4,X,Sanger/Illumina 1.9,,5,13.8003385
189,PPN190,31882,UGA-SAM1-190,PI 603988,RHA 392,NPGS,RHA-Oil,PPN190,4,X,Sanger/Illumina 1.9,,5,13.00691674
190,PPN191,31883,UGA-SAM1-191,PI 603989,RHA 408,NPGS,RHA-Oil,PPN191,2,X,Sanger/Illumina 1.9,,5,11.25076888
191,PPN192,31884,UGA-SAM1-192,PI 603990,RHA 409,NPGS,RHA-Oil,PPN192,4,X,Sanger/Illumina 1.9,,5,10.54689153
192,PPN193,31885,UGA-SAM1-193,PI 603991,HA 410,NPGS,HA-Oil,PPN193,6,X,Sanger/Illumina 1.9,,5,9.280132189
193,PPN194,31886,UGA-SAM1-194,PI 607504,HA 413,NPGS,HA-Oil,PPN194,2,X,Sanger/Illumina 1.9,,5,11.45376919
194,PPN195,31887,UGA-SAM1-195,PI 607508,RHA 418,NPGS,RHA-Oil,PPN195,2,X,Sanger/Illumina 1.9,,5,12.24894996
195,PPN196,31888,UGA-SAM1-196,PI 607509,HA-R6,NPGS,HA-NonOil,PPN196,4,X,Sanger/Illumina 1.9,,5,10.49104309
196,PPN197,31889,UGA-SAM1-197,PI 607511,HA-R8,NPGS,HA-Oil,PPN197,2,X,Sanger/Illumina 1.9,,5,14.19089286
197,PPN198,31890,UGA-SAM1-198,PI 607922,R-190,NPGS,RHA-Oil,PPN198,4,X,Sanger/Illumina 1.9,,5,16.92131031
198,PPN199,31891,UGA-SAM1-199,PI 607925,R-206,NPGS,RHA-Oil,PPN199,4,X,Sanger/Illumina 1.9,,5,12.83904158
199,PPN200,31892,UGA-SAM1-200,PI 607928,IMISUN-2,NPGS,Oil,PPN200,4,X,Sanger/Illumina 1.9,,5,15.11624008
200,PPN201,31893,UGA-SAM1-201,PI 607929,IMISUN-3,NPGS,NonOil   ,PPN201,2,X,Sanger/Illumina 1.9,,5,13.8736121
201,PPN202,31894,UGA-SAM1-202,PI 607930,IMISUN-4,NPGS,NonOil   ,PPN202,2,X,Sanger/Illumina 1.9,,5,22.12648464
203,PPN204,31896,UGA-SAM1-204,PI 617100,RHA 427,NPGS,RHA-Oil,PPN204,4,X,Sanger/Illumina 1.9,,5,11.80353659
204,PPN205,31897,UGA-SAM1-205,PI 618725,HA 421,NPGS,HA-Oil,PPN205,4,X,Sanger/Illumina 1.9,,5,10.36241575
205,PPN206,31898,UGA-SAM1-206,PI 618726,HA 422,NPGS,HA-Oil,PPN206,4,X,Sanger/Illumina 1.9,,5,10.29892662
206,PPN207,31899,UGA-SAM1-207,PI 619204,RHA 419,NPGS,RHA-Oil,PPN207,2,X,Sanger/Illumina 1.9,,5,11.12318596
207,PPN208,31900,UGA-SAM1-208,PI 619206,RHA 428,NPGS,RHA-Oil,PPN208,4,X,Sanger/Illumina 1.9,,5,12.80364158
208,PPN209,31901,UGA-SAM1-209,PI 632339,HA 430,NPGS,HA-Oil,PPN209,2,X,Sanger/Illumina 1.9,,5,11.1901931
209,PPN210,31902,UGA-SAM1-210,PI 632340,HA 431,NPGS,HA-Oil,PPN210,2,X,Sanger/Illumina 1.9,,5,11.34355646
210,PPN211,31903,UGA-SAM1-211,PI 632341,HA 432,NPGS,HA-Oil,PPN211,4,X,Sanger/Illumina 1.9,,5,10.31090985
211,PPN212,31904,UGA-SAM1-212,PI 633744,HA 434,NPGS,HA-Oil,PPN212,2,X,Sanger/Illumina 1.9,,5,9.700424745
212,PPN213,31905,UGA-SAM1-213,PI 633745,HA 435,NPGS,HA-Oil,PPN213,6,X,Sanger/Illumina 1.9,,5,11.99164032
213,PPN214,31906,UGA-SAM1-214,PI 639162,RHA 439,NPGS,RHA-Oil,PPN214,4,X,Sanger/Illumina 1.9,,5,14.19182733
214,PPN215,31907,UGA-SAM1-215,PI 639163,RHA 440,NPGS,RHA-Oil,PPN215,2,X,Sanger/Illumina 1.9,,5,11.78110926
215,PPN216,31908,UGA-SAM1-216,PI 639164,HA 441,NPGS,HA-Oil,PPN216,4,X,Sanger/Illumina 1.9,,5,11.93139436
216,PPN217,31909,UGA-SAM1-217,PI 639166,RHA 443,NPGS,RHA-Oil,PPN217,4,X,Sanger/Illumina 1.9,,5,13.22833165
217,PPN218,31910,UGA-SAM1-218,PI 649793,1972 R-Line Composite,NPGS,RHA-NonOil,PPN218,2,X,Sanger/Illumina 1.9,,5,17.12991745
218,PPN219,31911,UGA-SAM1-219,PI 650358,HA 1,NPGS,HA-NonOil,PPN219,2,X,Sanger/Illumina 1.9,,5,12.78792046
219,PPN220,31912,UGA-SAM1-220,PI 650361,HA 15,NPGS,HA-NonOil,PPN220,4,X,Sanger/Illumina 1.9,,6,20.74401567
220,PPN221,31913,UGA-SAM1-221,PI 650571,HA 66,NPGS,HA-NonOil,PPN221,2,X,Sanger/Illumina 1.9,,6,15.48903947
221,PPN222,31914,UGA-SAM1-222,PI 650586,HA 211,NPGS,HA-NonOil,PPN222,4,X,Sanger/Illumina 1.9,,6,14.34123292
222,PPN223,31915,UGA-SAM1-223,PI 650594,HA 243,NPGS,HA-NonOil,PPN223,4,X,Sanger/Illumina 1.9,,6,12.39775089
223,PPN224,31916,UGA-SAM1-224,PI 650597,HA 248,NPGS,HA-NonOil,PPN224,4,X,Sanger/Illumina 1.9,,6,18.52579885
224,PPN225,31917,UGA-SAM1-225,PI 650603,HA 253,NPGS,HA-NonOil,PPN225,2,X,Sanger/Illumina 1.9,,6,11.06887664
225,PPN226,31918,UGA-SAM1-226,PI 650605,HA 259,NPGS,HA-NonOil,PPN226,2,X,Sanger/Illumina 1.9,,6,10.36032693
227,PPN228,31920,UGA-SAM1-228,PI 650755,HA-R4,NPGS,HA-Oil,PPN228,4,X,Sanger/Illumina 1.9,,6,12.39797077
228,PPN229,31921,UGA-SAM1-229,PI 650842,Sep. from HA GERMPLASM POOL VII HMO BULK,NPGS,NonOil introgressed,PPN229,4,X,Sanger/Illumina 1.9,,6,23.68337008
229,PPN230,31922,UGA-SAM1-230,PI 664208,RHA 334,NPGS,RHA-NonOil,PPN230,6,X,Sanger/Illumina 1.9,,6,15.24156928
230,PPN231,31923,UGA-SAM1-231,PI 509051,HA 341,NPGS,HA-Oil,PPN231,2,X,Sanger/Illumina 1.9,,6,8.773318514
231,PPN232,31924,UGA-SAM1-232,PI 534654,RHA 368,NPGS,RHA-Oil,PPN232,2,X,Sanger/Illumina 1.9,,6,11.94013442
233,PPN234,31926,UGA-SAM1-234,PI 664176,HA GERMPLASM POOL V-1J,NPGS,NonOil introgressed,PPN234,4,X,Sanger/Illumina 1.9,,6,21.5433191
234,PPN235,31927,UGA-SAM1-235,PI 664189,ND-NONOIL 1,NPGS,NonOil   ,PPN235,2,X,Sanger/Illumina 1.9,,6,12.70882015
235,PPN236,31928,UGA-SAM1-236,PI 664197,ND-NONOIL M1,NPGS,NonOil   ,PPN236,4,X,Sanger/Illumina 1.9,,6,13.79203819
236,PPN237,31929,UGA-SAM1-237,PI 664202,RHA 328,NPGS,RHA-NonOil,PPN237,2,X,Sanger/Illumina 1.9,,6,15.50344133
237,PPN238,31930,UGA-SAM1-238,PI 664214,ND-RLOS,NPGS,Oil,PPN238,6,X,Sanger/Illumina 1.9,,6,13.39065495
238,PPN239,31931,UGA-SAM1-239,PI 664220,RHA 859,NPGS,RHA-Oil,PPN239,4,X,Sanger/Illumina 1.9,,6,10.24241855
239,PPN240,31932,UGA-SAM1-240,PI 664225,HA 316,NPGS,HA-NonOil,PPN240,2,X,Sanger/Illumina 1.9,,6,12.48179841
240,PPN241,31933,UGA-SAM1-241,PI 509053,HA 343,NPGS,HA-Oil,PPN241,4,X,Sanger/Illumina 1.9,,6,8.661346772
241,PPN242,31934,UGA-SAM1-242,PI 509065,RHA 355,NPGS,RHA-NonOil,PPN242,2,X,Sanger/Illumina 1.9,,6,16.43554974
242,PPN243,31935,UGA-SAM1-243,PI 534652,RHA 366,NPGS,RHA-Oil,PPN243,4,X,Sanger/Illumina 1.9,,6,9.948334688
243,PPN244,31936,UGA-SAM1-244,PI 534658,HA 372,NPGS,HA-Oil,PPN244,4,X,Sanger/Illumina 1.9,,6,13.65082297
244,PPN245,31937,UGA-SAM1-245,PI 549002,HA GERMPLASM POOL III-H,NPGS,Oil introgressed,PPN245,4,X,Sanger/Illumina 1.9,,6,20.48016473
245,PPN246,31938,UGA-SAM1-246,PI 549014,HA GERMPLASM POOL III-T,NPGS,Oil introgressed,PPN246,4,X,Sanger/Illumina 1.9,,6,14.62124473
246,PPN247,31939,UGA-SAM1-247,PI 552939,HA 301,NPGS,HA-Oil,PPN247,4,X,Sanger/Illumina 1.9,,6,14.9969025
247,PPN248,31940,UGA-SAM1-248,PI 552944,RHA 282,NPGS,RHA-NonOil,PPN248,4,X,Sanger/Illumina 1.9,,6,16.28564942
248,PPN249,31941,UGA-SAM1-249,PI 597366,HA 402,NPGS,HA-Oil,PPN249,2,X,Sanger/Illumina 1.9,,6,8.948834356
249,PPN250,31942,UGA-SAM1-250,PI 599762,RHA 278,NPGS,RHA-Oil,PPN250,4,X,Sanger/Illumina 1.9,,6,10.71454682
251,PPN252,31944,UGA-SAM1-252,PI 618727,HA 423,NPGS,HA-Oil,PPN252,4,X,Sanger/Illumina 1.9,,6,10.34130768
252,PPN253,31945,UGA-SAM1-253,PI 650359,HA 1,NPGS,HA-NonOil,PPN253,4,X,Sanger/Illumina 1.9,,6,13.28637886
253,PPN254,31946,UGA-SAM1-254,SF_145,INRA line SF_145,INRA,HA,PPN254,4,X,Sanger/Illumina 1.9,,6,12.07579778
254,PPN255,31947,UGA-SAM1-255,PI 650794,Manchurian,NPGS,NonOil   ,PPN255,2,X,Sanger/Illumina 1.9,,6,19.82477
255,PPN256,31948,UGA-SAM1-256,SF_281,INRA line SF_281,INRA,RHA,PPN256,2,X,Sanger/Illumina 1.9,,6,8.297287448
256,PPN257,31949,UGA-SAM1-257,PI 650353,Guayacan,NPGS,NonOil   ,PPN257,4,X,Sanger/Illumina 1.9,,6,14.67022206
257,PPN258,31950,UGA-SAM1-258,SF_179,INRA line SF_179,INRA,HA,PPN258,4,X,Sanger/Illumina 1.9,,6,8.652221927
258,PPN259,31951,UGA-SAM1-259,SF_092,INRA line SF_092,INRA,HA,PPN259,2,X,Sanger/Illumina 1.9,,6,12.27517014
259,PPN260,31952,UGA-SAM1-260,PI 650541,Charata,NPGS,NonOil   ,PPN260,2,X,Sanger/Illumina 1.9,,6,11.72905367
260,PPN261,31953,UGA-SAM1-261,SF_193,INRA line SF_193,INRA,HA,PPN261,2,X,Sanger/Illumina 1.9,,6,12.41413164
261,PPN262,31954,UGA-SAM1-262,SF_230,INRA line SF_230,INRA,HA,PPN262,2,X,Sanger/Illumina 1.9,,6,16.61040595
262,PPN263,31955,UGA-SAM1-263,SF_232,INRA line SF_232,INRA,HA,PPN263,4,X,Sanger/Illumina 1.9,,6,7.489793641
263,PPN264,31956,UGA-SAM1-264,SF_233,INRA line SF_233,INRA,HA,PPN264,2,X,Sanger/Illumina 1.9,,6,7.468300784
264,PPN265,31957,UGA-SAM1-265,PI 664149,Hemus,NPGS,NonOil   ,PPN265,4,X,Sanger/Illumina 1.9,,6,14.2240941
265,PPN266,31958,UGA-SAM1-266,SF_293,INRA line SF_293,INRA,RHA,PPN266,2,X,Sanger/Illumina 1.9,,6,13.72816427
267,PPN268,31960,UGA-SAM1-268,SF_063,INRA line SF_063,INRA,HA,PPN268,4,X,Sanger/Illumina 1.9,,6,12.1060307
268,PPN269,31961,UGA-SAM1-269,SF_210,INRA line SF_210,INRA,HA,PPN269,2,X,Sanger/Illumina 1.9,,6,10.24368283
269,PPN270,31962,UGA-SAM1-270,SF_060,INRA line SF_060,INRA,HA,PPN270,4,X,Sanger/Illumina 1.9,,6,11.04232664
272,PPN273,31965,UGA-SAM1-273,SF_076,INRA line SF_076,INRA,HA,PPN273,4,X,Sanger/Illumina 1.9,,6,11.96355119
274,PPN275,31967,UGA-SAM1-275,SF_169,INRA line SF_169,INRA,HA,PPN275,2,X,Sanger/Illumina 1.9,,6,10.45256482
275,PPN276,31968,UGA-SAM1-276,SF_306,INRA line SF_306,INRA,RHA,PPN276,2,X,Sanger/Illumina 1.9,,6,12.68545835
250,PPN251,31943,UGA-SAM1-251,PI 607506,RHA 415,NPGS,RHA-Oil,RHA415-4_PPN251,2,X,Sanger/Illumina 1.9,,7,11.93749591
276,PPN277,31969,UGA-SAM1-277,PI 650437,Saturn,NPGS,NonOil   ,PPN277,4,X,Sanger/Illumina 1.9,,7,16.40542675
277,PPN278,31970,UGA-SAM1-278,SF_295,INRA line SF_295,INRA,RHA,PPN278,2,X,Sanger/Illumina 1.9,,7,11.0985049
279,PPN280,31972,UGA-SAM1-280,SF_322,INRA line SF_322,INRA,RHA,PPN280,2,X,Sanger/Illumina 1.9,,7,10.30458842
283,PPN284,31976,UGA-SAM1-284,SF_070,INRA line SF_070,INRA,HA,PPN284,4,X,Sanger/Illumina 1.9,,7,10.75786235
285,PPN286,31978,UGA-SAM1-286,SF_023,INRA line SF_023,INRA,HA,PPN286,4,X,Sanger/Illumina 1.9,,7,9.764903318
288,PPN289,31981,UGA-SAM1-289,PI 650601,HA 250,NPGS,HA-NonOil,PPN289,4,X,Sanger/Illumina 1.9,,7,11.23383844
289,PI_531071,NA,NA,NA,NA,NA,NA,PI_531071,2,,Sanger/Illumina 1.9,,7,NA
290,SF_33,NA,NA,NA,NA,NA,NA,SF_33,2,,Sanger/Illumina 1.9,,7,NA
12,PPN012,31705,UGA-SAM1-012,PI 561921,RHA 381,NPGS,RHA-Oil,PPN012,212,X,Sanger/Illumina 1.9,Nextera_Adapters,S. African Seqs,11.93925492
22,PPN022,31715,UGA-SAM1-022,PI 597373,RHA 396,NPGS,RHA-Oil,PPN022,85,X,Sanger/Illumina 1.9,Nextera_Adapters,S. African Seqs,12.29440927
35,PPN035,31728,UGA-SAM1-035,PI 650575,HA 112,NPGS,HA-NonOil,PPN035,205,X,Sanger/Illumina 1.9,Nextera_Adapters,S. African Seqs,10.75011172
57,PPN057,31750,UGA-SAM1-057,PI 664216,RHA 855,NPGS,RHA-Oil,PPN057,83,X,Sanger/Illumina 1.9,Nextera_Adapters,S. African Seqs,11.0269903
60,PPN060,31753,UGA-SAM1-060,PI 531072,RHA 359,NPGS,RHA-Oil,PPN060,173,X,Sanger/Illumina 1.9,Nextera_Adapters,S. African Seqs,11.5608487
68,PPN068,31761,UGA-SAM1-068,PI 599753,HA 154,NPGS,HA-NonOil,PPN068,97,X,Sanger/Illumina 1.9,Nextera_Adapters,S. African Seqs,14.86865995
166,PPN167,31859,UGA-SAM1-167,PI 599764,RHA 294,NPGS,RHA-NonOil,PPN167,193,X,Sanger/Illumina 1.9,Nextera_Adapters,S. African Seqs,13.68561831
174,PPN175,31867,UGA-SAM1-175,PI 599776,HA 224,NPGS,HA-Oil,PPN175,378,X,Sanger/Illumina 1.9,Nextera_Adapters,S. African Seqs,18.04624977
226,PPN227,31919,UGA-SAM1-227,PI 650753,HA-R2,NPGS,HA-Oil,PPN227,207,X,Sanger/Illumina 1.9,Nextera_Adapters,S. African Seqs,11.4096841
232,PPN233,31925,UGA-SAM1-233,PI 561919,HA 379,NPGS,HA-NonOil,PPN233,206,X,Sanger/Illumina 1.9,Nextera_Adapters,S. African Seqs,8.989456407
266,PPN267,31959,UGA-SAM1-267,SF_009,INRA line SF_009,INRA,HA,PPN267,2,X,Sanger/Illumina 1.9,downloaded from SRA,SRA_Seqs,12.78698599
270,PPN271,31963,UGA-SAM1-271,SF_296,INRA line SF_296,INRA,RHA,PPN271,2,X,Sanger/Illumina 1.9,downloaded from SRA,SRA_Seqs,10.32327786
273,PPN274,31966,UGA-SAM1-274,SF_280,INRA line SF_280,INRA,RHA,PPN274,2,X,Sanger/Illumina 1.9,downloaded from SRA,SRA_Seqs,12.49850897
278,PPN279,31971,UGA-SAM1-279,SF_307,INRA line SF_307,INRA,RHA,PPN279,2,X,Sanger/Illumina 1.9,downloaded from SRA,SRA_Seqs,11.69656702
280,PPN281,31973,UGA-SAM1-281,SF_320,INRA line SF_320,INRA,RHA,PPN281,2,X,Sanger/Illumina 1.9,downloaded from SRA,SRA_Seqs,10.2003673
281,PPN282,31974,UGA-SAM1-282,SF_075,INRA line SF_075,INRA,HA,PPN282,4,X,Sanger/Illumina 1.9,downloaded from SRA,SRA_Seqs,8.509907328
282,PPN283,31975,UGA-SAM1-283,SF_292,INRA line SF_292,INRA,RHA,PPN283,2,X,Sanger/Illumina 1.9,downloaded from SRA,SRA_Seqs,12.99284469
286,PPN287,31979,UGA-SAM1-287,SF_279,INRA line SF_279,INRA,RHA,PPN287,2,X,Sanger/Illumina 1.9,downloaded from SRA,SRA_Seqs,12.67875214
287,PPN288,31980,UGA-SAM1-288,SF_323,INRA line SF_323,INRA,RHA,PPN288,2,X,Sanger/Illumina 1.9,downloaded from SRA,SRA_Seqs,11.49208255
53,PPN053,31746,UGA-SAM1-053,PI 642777,HA 412 HO,NPGS,HA-Oil,HA412,2,,,,zzzEXCLUDE- GENOME,9.047943364
271,PPN272,31964,UGA-SAM1-272,SF_035,INRA line SF_035,INRA,HA,NA,NA,NA,NA,NA,zzzNA,NA